edgeID,from,to,networkCanvasEgoUUID,networkCanvasUUID,networkCanvasSourceUUID,networkCanvasTargetUUID
1,1,2,Icb4d--fbec9d89d-997c7b9a-c89edf89-a,I39568d904--4c2-54235-93d2f648eb6d59,Ia742e96a868aa52a4c786aa3e6765bc65-5,Ib8deb-9dda74d-18cfd97c1--ffddd75da5
2,1,7,Ide8cff-9f-7-82-b887c87aa847a4-e9-44,Ic0aaea4a6730da-07c4057d7-4-dc670da1,I6a-e7f9a-82a3882a42a66e22a6597ad794,I51e87-87b1bbb1a-80b3ea0bbc7c5848-b8
3,1,6,I9d-8321748a858a2-88c7bf94714559eb-b,I58-89aaa9a393f841395aad88a488-3aa91,I92a8af-495a9675-77997c799579b9376ac,Ie4530903e3ef90f735e9f470-e89428-e8e
4,1,6,Ic2e42-da--5fe8-8-d9ac294aed9a348d7e,Ie6-2baba382-bfe02-bf-8e87f80--8ba23,Iaa23ac6a3a2cdb972-8775baef-69427782,Ic7cb4-6ca0a0c3c-bbf6bc6aaa4adab7-df
5,1,14,Ica6e7d48884-3143df2--4797-74df1--67,Ia-8e2f45a5a052e-f5deae508502dc082ef,Ibe679-6f77a287-ea7c76ea8e67f9aaa-42,I6f889f4ad8f8c68847153-804d44945fc09
6,1,4,I8ba-8a41c9dad-8bb-cc879-6e188cc899-,I779-86d789c5b796c78676-b0bac78c6447,Iaa-874e97884896-68f7e--7aa-e68-787a,I542777-94b979-7--c-44c-a4a-182-dcbd
7,1,10,I9b7b888-ff9b5a-88ca771eef838299c-5e,I28571-352912d-c81b0-6334f1cd9f-fb21,I7-27336a7677c977e8-57a2c-68-9-b2e3e,I-6c96ff96c9fcfe-df2f-69fc5d-0d-4b1f
8,1,8,I5fba797dd4bf4f779c8713-b49-b-fd281d,Ib6c054f-61c1d-f7-6dd4746ce-91a74e67,Ie73987-6--7a--793f2-6ebf3caa-77ca-8,I1aa-53-fa-6333-3-4f80faf--c920349f-
9,1,12,I-7b6-9ce7485b4-48c98872868-ecd7d3a7,Ife774-21a2be773b3bb4eb4-4517f4-aeae,I-b8e878eace5aae522adbe93a85bd79ae64,I5bb2233ba232e223-2562b-3d3af9436b3b
10,1,9,Ib-f44-e-44748cca4b3f8a78be94789c898,I588d404ba80d29e640de-8dcffe0950b40f,I7-882fda75778e73c422ea686c57cca78be,I7ba4-a90479-b400ddd5b4-f4450bb40c44
11,1,6,I92ab45-447748--c3-822c3-898a28be7a4,I9--37-5e8774c-dc73f4043d7-798b9744-,I69e687a95-28-897bb6747-257a7-74278a,Icc5c199e1a8c06c51e8-91cb869ce86c1c5
12,1,8,I4d7495b247a-a24f184f9219b4952b98cdf,I708aa8e5f2cf--05bf22f-8f8-ac-cdcf-f,I5fad7--72b4-fa7b-c9f3ab6d56--8b6ea7,I66-e4cec740a5b0-7-f969a979-c0207740
13,1,5,I8--5fdf8d-a7f9db48b--3f7b3a45488737,I95-d9a288-8fb8d9f-c42eafd2084c4da4b,I775775c-786ed799ada-4-69aaa247e55--,I--c-ff2c067-fa-7f02c09b--9a55fc6-92
14,1,7,I23-8e8ec9-9ede47-1eb7---74f28d397d-,I0be--0ada05-6a3427b23835b4148-632a3,I7e72a2c395e-4aa434a-caccebcf9489b87,I-2-05d50-b1658279b-8-95-7a982099838
15,2,14,I944--a-85-6c48afda197-82--2--87f63d,I4-a1-1491-f51a0-3e8e7091fe077ab7-c-,Icfbfd9f78eaeafe-0f-7a--9-d2c-bda52a,I019ab-95b6ea-9801864008282b-c8-8f5-
16,2,6,If54c-7-4945--f7bd7499d4443996214347,Iec211e1da3f-18f8118ca44c-81--9d18e1,I9--0a7c07ef8f9a1-a7-ed999-c5b02-ff8,I9-4-a903ef64e2-60-0200e6935c4985803
17,2,5,I824-7c47d8-c7c82c57d84-673b89c8d-b2,Ia74-565-865-6-664281c28045a5ac55--d,I5df704aff4-5c78255-dd40-d8accf58177,If4f260e8c8--909f29-9c9cccc4d-f0f462
18,2,5,I-84d-e8f1ffd42-74e-919e-474a8-c41-f,Icf-0c5f89ca9-fff89-6e0ecfc6837aa9-f,I8a8d4-f7a9-a1adea17fbe5--adafec09--,I8100087e01f8fab9b7-c900a-175e74006-
19,2,8,Ia-c694728-c7cb4b8b6f--d4a7-8aec85f9,I60100d766-643846609-d087b1dda33d8-a,I5ecd1aca9fa9-dfb0-bd0da9aaa5ae9-ad4,Ifc76-4723000-07718f07-20-60ccb492f4
20,2,8,I62c72942fa1687-1e4a389414a4-88e79c-,Ib7-74556a8bb8473ca93-439-7bd64c6a5-,Ia77bafcf1dfeffd-72729-ec-ad514-7-a5,I01793229321-aa2b0b0-85997b959838828
21,2,12,Id6ecde48fd-4a-f-44fbfa2f2d4b77889bc,I504f33f4-39504303a--f-0f5fa6445-9d0,I7dae0f-0aa-dd9dbfaac-8a5df70a-0d-fe,If67aafb7ab0b677-4a-03a-dcbf7cf777ac
22,2,9,I4-848ead-41d297db17791949c878c-8614,I24ee8c-e84240f8aa8a2-db44e4ae42f21f,Ia09acaefa05f8cec2b-affca-ceac40de7a,Id0d511d4b0-043-7c0d455b4100bb-4b-11
23,2,8,Ica8858f54adae8447f4d99734bf772b4d98,Ie20e0727d-0a-751fd93-742-73f0234020,Icff--9-f4ff8980a159a9a7c5da0d-5fd-e,I-fcc-7d1c4cab40294843944bc4a74217d9
24,3,15,I31c-58d29--83e-ef38894a25-4-c5f7e3f,Ia0662d2ad522763880-2701b3-4da-24a56,I594-ca5f8-a4885e8-bb8bb88cb809bb288,Iff7ea7a9c0f209-740774577ca48f8c6--e
25,3,11,I2-8a644f7718-ff-fa-9e8a87d-4a37--de,I02ecd729e99a975228223ac3-930ea32a-3,I4ea626-2805-495b048e6-2b80-fa2fcb32,I76067632a727f3040cc8c8f6cc7-68f974f
26,3,5,I8edf98e-747f874-dd3-f8fd18c44b2a789,Ie56fb4bfa-bf8efca144-31fadd1fa1a8a6,Ib87-cb8-3b27e42fa8e8705490884ec28ba,I7238258b92b34852-082878235b287--26b
27,3,9,Ic4-2-d4ae83-be6-2187b849825-a4f79c1,Ifcca60c4462b0e9c3aa808058304388-cae,If22ab642b7f-9b22-87b899bc81bbe548a4,I96f9b49--0cc9e--be861bf00ff-f-9-ff9
28,3,7,I4b4458a3ec5--aa4-1c1f2a23d8bc4caa--,I908---328e4-2-62e4863e362a441ee0b74,I54fab8-8bbb8--3225b81b6-75-7--1bac6,I4744b-c5-9a794-42dd-b05924d82d49444
29,3,14,I7-367-5-28bac-34e-8b4-76-a55a-a44-d,Ifd5189779da0dff4db33d1fd448-4889a3a,I104b84-0a5202-b68-2c-a-5b5580a54a-b,Ieb39060bff48-50-738e2803e9442e840fe
30,11,12,I5c82ee72d4-7-bce9-882-8874d5b-f483-,I-223d3ee5-23c88de-cde-a5821dd6531e7,I394b-906522-a8c05-847f7-7bfb94e5448,If214--40b508c0c0dcdf045ff944650e0ff
31,11,4,I92c443c4683b4e858c7885--741e7b-dd74,I3fb5a-49ba33b30-1cb-3bb-b-93fa7-df0,I00-323fa769e46542f852f49-07e8efe4ee,I53718d-35427781a5395b5586787-9d773-
32,11,7,I32-4c2f4ae-8718f877b7ce8dda4d-2ba2f,Ie22d5-a37ec5b4e7-ec562ae368-c9d7a-7,I7ee34-ebf7023e07a7300732-83-95--f75,I170907-78c19229c88b18148-990697-fc6
33,11,4,I-7889-bccd7cde67c186f82-c839c-78b-9,I-66ce08fe-48f07060b08-743e990cf9c-4,I3-3007-0e79465308583ae015e14e16f0a-,I67-989-c0080982f-f-1372cc8-614a-8-5
34,11,6,Ifba444748--d573ad-6cd52c489fd7ed9-4,I8-b64ea783b88248a452731a3b12bea068e,I7c52fb714099c0-0-5e0-f-43b96-b4e89c,I3b-44-cb75a2-27f7844499ab5d2a0914c9
35,7,6,Ib4dd8-77dd2d444ead7fb887538d-98fe29,Ifa8e3a68-c8ea499a3-ce6340fc646653-8,I70a1090fb4-407927294f74ddb702f247c-,I44f-bd9609cfbc96e9cc6-bc-c65f9c0ff0
36,7,12,Ieaa285fed7d9b-dd79-747371974bfd84dc,Idd6bbfde-8824cb99a--82b2ebc-c-bab-c,Iabaa9-944d47445-b7-78d8a1c299-24c77,I0705bc2f-850-977-1-500bc4-1-7-fe4-c
37,7,13,I72cf7987-b-42-b9929fde492889478b7de,I4-ae5-7ee73e71fd70-4-ff8c857-00-50b,I74f470974d4-2ac94df29c-784c0-78--fa,I974477ac70-78c9986f9-c99fcb-42--6c-
38,5,3,I4fc7aa49-7-927b2abbac729bdc597878-2,I5c895-b1-019902cf6920894652f986-bbb,Ib-c-69b-ff-fc0-c-441a6-f-c-9a--a40-,Ia7fc26f6f--a999-929c6216198--fc8afb
39,6,5,Ide914e513c-a8f48-8d74446e5b8cb891f7,I4-0-9-7597-7547a80f459-9da249577a92,I-5-6-c-6f20627f5067f3c92258fc04c-82,I4bd441d-0-d340b4054204774b40f0900b-
40,6,5,I2a42-b-c99414299ea279212b18-ecb46bb,I--4fd998a-dcccb33fbb43b7fb77-9af8ba,Ia--677700a6-8cf-76-a2cc5f79-67386f6,I32-0-d-5433ddad4b34d333b02400-bb6-1
41,6,11,Ie3b56f81-8d19eeaa6e4-a8e7ed8fcc-989,I--ed4449a-b69b62b-a934-e-466-d-2a84,I9377-849176-0-6faaaca097f6a6cc4a164,I37398-71527897516b0272189b4b259---a
42,4,10,I1416a48a12-a-2b3269-bf-4-5957e168bf,I3a8a04aff2bd40024e1e-a5a6bdf0f3d-0d,Ide4cff906cf-e5e9db040-96cfc690ffe64,I10b92c80--62024ba5cb72008474-094c70
43,4,13,I8--ad9d4d-fd247ab2dc9ff644877-9b878,I0ab-605b81b3680ba4ddb55567084d849b4,I95f0f846-c--46-00e5091f44ff90-e984c,I10222-a035-c0-ca9fc-7f730f604ba-f0c
44,4,6,I-42a-f88b14e9878a2788da488b9f-e5fe2,Ie-684dd-641b188d141aa04-689e8621c-4,Ic00bef004-f64-cfcfb4f-f6-4ec996b0c5,I79933-923-b9-8522138697077b21875481
45,8,11,Ie9-b72abd5f4-67c-e-f-cb-2cd59384f-e,Ibab78f7284c4-98-94f7ba8bb337be487b7,I851d88d-0-3b5-832021-28316838573533,Ic7c7-f2402e271b-027ca78-4970f7164-7
46,15,3,I-af5ab84945b77f96-e-241f74f-a-729b2,I331073-b0b44a1a04f10c1a1a1aea4fe301,I69ae5a03--3036fe0c835828896c-558782,I-0bbe333d9403e4292422bb44ab6133426-
47,15,9,I2-764b51ebaadc99ab8e77a-229864ccf2d,I4-c50d-0b5cb-d-e6a-dd7d8e00-acea-d2,I2b950ff33c0abc561-859269b-ca9-fccf-,I41d5c10a0-20400a0b-15444b-40d4b444d
48,15,9,I8ae76d7-94-db42-9e98449984ea7ffb7c9,Ib28f90c-c0990caf394-0bbd-d3a980630c,I23ea392c2e-c5-6c-00-82ae802e0-1032e,Ib-c898cce5b-6-749b1ba88cc1c19a-4ab1
49,14,4,I--67fd237ca887e747ec4b21bcc3de881d9,I-f387721f1d411--4dcdd7dab4-d-1d1491,I0146063263-3f34d6b3699b266b5-b333-2,I5d-0b-05f322-b5bab424db4f1-4b350340
50,14,4,Ic42433ee674a-7-cc3b249-7f751a7e7894,I5-fa-0--44-4f-a454c4545-cf4-1-cc--5,I40b2b1-4096d4523b3-fb224f34-564ada0,Iec1b8-1e1b59b5cce6-b-5c7e-c1-c8acc4
51,9,8,I9c88d7-4383ad7b-a49a3e-8427fba8efb-,Ic5-d02-f-d3a4-4f-4e0ce-10de293fdff5,Ibdb-1a7b004513b9f-b-b34--0b450-43ab,I685b78e495898cacc17aba1bc-8b-9abc-c
52,10,5,I33c82464e1fd2d93c424e3e8eeb-424d1-d,I9--4e998f914-e-3ba3e0c--1-e698-25b4,Idb577f4-f745dbba-f-570a-4f7f-7d6ab4,Ie3-e56e46847f-c84cc34ace3488f7-d348
