edgeID,from,to,networkCanvasEgoUUID,networkCanvasUUID,networkCanvasSourceUUID,networkCanvasTargetUUID
1,1,8,I3545c0-0e9f-894553-ec66e783039f04f0,I994848b845c480490-449a-49489af9b0--,I34f8638e64103b88-fb4f314e2f2d34792d,I33-4-5f1b31-1cc96f89131b5a999-f35c8
2,1,8,Ib3-e60de632244e476b9f-e9e6946034b9b,I48f44c3f13233bc43f4666ff63f-33949-2,I77db23-7-8bf4f389674bf80-0-4f87b8b0,I9-9b-5d2cb92-42192b43814a26113944b2
3,1,7,I3eb975514694850c63256-2-66516b09347,I55615508b404041-34804815885d4a8-681,I8846fbdaf887-8a66341248-6f8b30a38b7,I65bec41507699f1c1c29f--c23ee3900c1a
4,1,14,Ie5b250f44e9e59bd60ef4-2f-045b33-5b-,Icc3aaaabf74-a5baa22dc8cc73-af53aed4,I-a6a4286872b11e0d983b838328-7f-ea4-,I3a2223933-2f8df28-f43ffbf3f1525-145
5,1,10,I---296ff5149e6e55-64f27577636b7ccd8,I9009a074-04122-9f5009496f0694f290a-,I4063-68b8-7853-b8db88-8483d3-24-df-,Ia9e22-9c5d1923be-cf1-9cedd4b-c2bc-f
6,1,14,I2667f6395393f96c0-64e-73b394b059b2-,I1ef--12a15-4481-56fce34184440e815b5,I88e882-f4e8f8b6084b88d2-30883d6e8d8,Iea-e-f924e49-11787ac25-2741ea-9e962
7,1,10,I-b96fcf1f-e5--0b2--e22-359915bb3d66,I54a20-35a-62aa45fa5d94a59686106afdb,I632827f6f3b35e87847a3586fa7-4fee7f-,Ie-9885e-ceec92444-4eec1c99-e5fb4f78
8,1,11,I4948d046-66d937f-467-44bd3ed-6668--,I40067-06-0196007f6b9110-f09967f0f1-,I888-481-6346bd86effe87486e--bb8b0b2,I-c8d-23a9c43c341aca9ca-c99--e4cc686
9,1,5,I494-be2de33ee49b8936e9bb696--59e967,I02cacd76538cfd2c5ec772145-84a989225,I74-58f534a4883ff85f---d435263679326,I448b4-90403c4-f---9941b14b4--84dd70
10,1,4,I5d042-835c82e69b2be-849e32e13f366-d,I8b88b72ad1ba0deb685f-f774-5310d-ba5,I28-68ff0e831f8943e92-9d6e8-4-ab-84f,I92174c45471b-c8b45004b4b9bbc2b25114
11,1,10,I8f0-b-9466e9754fc02-5bf86ee4-28-667,Iffc28d2b-f2ff9152-e9-c00bff71dcf879,Ib3fd8b1d8858b638f6470df9743485--463,I-4-f77-f195b29175ab2b87ff1c2-48a-a5
12,1,11,Ib-56-9e6d5336b6b5e4e4912920997238e6,I2e33a2a2a27e33a-da323a-8-3da5-8aa54,I-8a8e622d4fe26--2686-458688-bee4f38,Ic795a9-44966-59716149111c-56beb14-4
13,1,6,I0d1-37e93917e49ef76469896967c6-b-9e,Ifcf7-f0ef0-5477-6662e01c6216e1111e8,I-35b38-7347826e72-27ef061fa-48e6f0f,I92b22904-aa5-7539e2592e0824-3-e0905
14,1,8,Ic609e4e49-c84698-f-12b3-b7-46c5be56,I-887c0a8ef8eab-8ab88a3b9e9a7c9-908a,I547f80-f888-bf-96bb84b78ed-e68-1776,I4984a88a871-4acf-8-744f422e8f6f1428
15,9,4,I63b32951-64e3cf-e624666fedde28358-e,Iadee1853717943915d779dddafcdf731114,If-f2154df443-f339a5894ff9d--91-939f,I9d1c42-e12d0e94d9197b25e-23-2f2b625
16,9,13,I4----88684bcb287-73-eec9f65-64fee6b,Ibacd2b-d2a20db606cab0ddc6dea562-f86,If94f-b--ab-9c482f9c3355f3d-43-45-99,I633d41535b37d6aa27c-6927121daa32da7
17,9,12,I6849fb97462be352ce-2e0b439f22--99e3,Ibe9cbeb2748-77d-bd8e-755dfdbe9edd19,I5f3995fbfa55fa-1525432f5b5c-5f54bcf,I4244ca84ae84c--31-c4a639c48dc86cc--
18,9,7,Ie8-9--ef9fccee-2b9-929be668c-44345e,Ie-d458e-e6b--844-462-b4-bf670-b9-38,I9228d-2f22f3-4c52-f-2-8aaaf452ccacb,Ib2124b-ddc99c871b4c-df-474d3128cc7e
19,9,14,I8898-436ee0-76-d6f7356f689562-46445,Ia5d5900be75e7742-c5eaeaea0ac4e57-1e,Ifad38f34851--238a23d4c35243ff5-5c-d,I49104-d6494cb4f871cbfb2fbcb171424c7
20,9,4,I4cf6c83361e3f2fe6f95-2eb491f57b5-23,Ic99a-4bb2759--bafa9e25caa24fbe-be55,I-2f95a31fc5d2dd439-92fd-1afa2-55144,I015a2792080752fb7aacbaea-97b82f225-
21,9,13,Ie65-860-63b-f9881b-2eb-8c2369e68b63,I-97f3da3-3b-f-33-37acc1-ccb7b-381fe,I95acb3854c541935-293ff38949f5-a-5f3,I9aefe87-8f8c-8bb41e48ef8-158c7e5ffb
22,9,8,I-3e-b6e-33-179fe--08-3163622cfb-636,Ie11-131fa389ea7ee22ae6e-11a851217e7,I-f153f54--2fda5-1135-2932938cf555a1,I45718-b9ab-0aa9f-6-e79bf99997e578c5
23,9,13,Ibb-2f0e2653e6524-366621b7bed6c3-966,I64-a-6c366228d482d--d84--23c54-69-4,I--513ff38-4155c-a329aba94934f-f3-3-,I-77e967-e9295e90cd---342a55c2---2b3
24,9,12,If2828-6-66721-6e63b-266-965f6--f54-,I841f7017387f9-7-73a5b19176133791bbb,I9a4-9-3995-28138--5d2f952aaffa-f9f3,I866a-837a688082a6a7277881488498f48e
25,3,2,I5e-6e-b8cb86e9f93398053e97c6bb6f6e0,I6-875928758e19de3e4d4556e6-8-8d593-,Ic16e65-4de3b06c02-554c93310ccc-0222,Ia2a2463d431-3-d9851c5b-9a2b6742d9dd
26,3,8,I61cc8626565e81b2b996b-307b0e8c0f63d,Ia1ab3afb--daf-af43a--adda19ab833d6a,I312cdd21415121111692-d076e-51f3c4f6,I813f643a319b99ce114f99444b34fcb0b46
27,3,14,I743-54244-366-63b604439658b6-966903,I00-e87bd400eede939469d6-684b9974d86,Iec141c7-039e-3f92932462451d222362c-,I-5eb55ed89275c894cec954--6888c12-8f
28,3,8,Id6e10-66195e5e6919bd4661593bdc-593e,I317a7af45bafe4baa0d4-ad7d3433aae1dd,I221e02f-b1d255514654-a2df2202abfd29,I2647e4a7a19e9e1a6708e7-f7647f8f-15-
29,3,9,I54---5495f2-1-4-f346096ee-c45b943e4,I-992c0c3c23b0e-b30946-9-ce663292be0,I5d21-5349c2c517f223-45223-1d-06605a,Ic1c--2e2f9993cd2c2--4199899d-299-b2
30,3,14,Ib9-8e39-6059-0e64cfcf-183c6-8-e9-6b,I99c-1d012b9ebbb0b9db22919931b-b90b6,I99011dda92121-5--5021c-9402-5-053ad,Ic393c-ea386e46--8c13-d-38464f-1-44c
31,3,13,I4b-2-ceb8f36e8f6ec-4-796661bf-6f64e,I308aa94fec70e10-40-90a0ae4--eafd474,I129cc2fd-3-42f54-6a653dc55d10402c3-,I4bb8c438844344-c44dd4b-44-134d74b8b
32,3,2,I365667deffe77-6f999862-86-858661---,I3cfc4b--9b3cc54b3bb3ef-bb140b151-c4,I-c023edc5e----003d00621ee19929336c0,I44-dbb14669b4b47d7bb217c9-4cf1bbbb6
33,3,4,If24c-9-3-6692521b6--b6122b9-d4-be9-,Iabb19--404247e95092ec2423ceafa60c01,I191d---f9914e11f94-121cb41505159421,Ib01c2ef5a2e701247522eca0fbfa2b0febb
34,3,2,I439f07c77169--82bb3553639709bb59f49,Id8-bdbb7277ecb21-52bc557d2--74f2bdb,I20af-23539e202-5212e1250c305902b91c,I16b1ebf4b44474ee1149e-a4b44a5-a4c1-
35,3,13,I36b19bf6c-3c6769f13973b9943be6-b5e2,Ib34dab594aaa5bb583-5ababa554392bd18,I0f91f-2d1cd--b1b222991992-42-5a1d96,I3ae0992-780589--c5d-08e2e55b33b5892
36,3,11,I22d8229b-8b4-2-61e61b-3566e405b-990,I-5a46e33ff392c94eac5a9924a43-92b6cf,I10-4d-2e25-1222252-6cc94ae21036-15c,I69a872--33f8216-67428-566025278ff1-
37,7,12,I371ff3e693-4e8e67e8366ede38f9-b65eb,I09529-d76f6-49a-7e--bfd7ffc2-02eeff,I644-1696b5393d62-86526b4-6574473973,Id--48f4cf--ef8f64c49-144f1419-669b-
38,7,2,Iecbb35-258fe665d662b-53645-05ee-92b,I4def-9ab1696b9a4416d8ae6-e0990d6b-1,Ia4bab4b---3712-39cd4dd3-1915834479-,I9-45159d7b481efdb--9d7ede918-fd--2c
39,7,15,Ib3-2743e3f5d9b8e4-8686-6-95b064-6b8,I-ae193a5940479c-48607a778c3--8-8183,I77467cc4b7664da46-6a267cb7d54b457b-,I7f9-1ee-7c281a7929b62--62e---9a94a1
40,7,8,I-b--29e6f6ebf4cb39ee3ef006fc8e4-8e-,Ieb792202-f2b09-bb-e92--522c6c-2c270,Id9469d12daaaa14a933dd823264d232362a,If-c--9ef5d23dd32c4ea-d28a--2bb11b-b
41,7,3,Ie563d2f85ebf4e9e33-6365-e4c3e9---96,I5115--0ab27fd277a01570e66d20a7ac-12,Ia-5aa73a7238da31-5364dd268543a9-4c4,Ic-67393e-c3ec-fe39fa36f9cef64d6cdd-
42,7,2,Ifbb9f46-999-ff54f4f50db33579b-8c65c,Ie-2e--61-bc24176baa2bb-1ab-c4a126-b,I97479156-4-459d64-8243a6b5a8-4-967a,I4cd4c447143c-f9e4-2b4fd283403dd9444
43,7,14,Ieef670c8e63-64-5-2ffe-3e2e6f267f93-,Ie8572--99e2e185de87eedfe5589-5-9dff,I952798412832979d244-995939d49a-4297,I87b614d-9f14bbbc684714b4b4c85749d-b
44,7,12,If76b7165944266549e2619--6b659b-65cd,I7a2da-d4154c996aa72-5-ad7-74d--1fa5,I64-62b5339b-928a2ca4623444-51389334,I85-8-1017b-871b5f42272--7a2424b5ffe
45,7,2,Id92--249444b20-b42e624519e8b52dbf29,Ia6d52f99f11cd2dd43211af41a59c3d-2d9,I-3a14-659c6-65-74447b3936683a2-34c6,I69414445b1a-4c6e15e19b5-4914c4146a9
46,7,2,I55252d721-666865c-e28509400-946e-6d,I1a263655--124a4554-459936a46f5a-494,I-d74bc3ac537d6bc37d4731-5-cb6513495,Ib-a866c23e357238-3ecc8cd9b99c-09-39
47,7,6,I606662963f5f6bb4ee9--2629-27-b467-6,I4d9e44481-4-11681d3-d94c-a-d8e9a4d3,Ib51d64d586baba439746a975c677956a-a-,I-0f68752-48a8ef8a74-76572267a48f942
48,6,14,I987289891-875344f92f23bbf63-9e-c44e,I94cf1f-b-83034-033af318042848ffe0b9,I641849--b111fb1d6a4191104a91b3f4bdd,I42-8141-25e8118178-e451e419e99b2e-9
49,6,13,I722-87ee1698b2f-626e4-34e55-866f2b9,Ie225528e0a45-3600-6e-5e5e49ee29ca55,Ib6df943d44b5e44810b91efd01b0f13-5f6,I896-494994-ce-e6eefc67-692b24eba44a
50,6,13,I66f260-56e5e-39596bb-9-3ed544985ff-,Id987543-d4344292223280b-cba2e7b5-b9,I96935df688f891d-1-9f604d841-13b6b44,Iad95e2c-9e-cfb05239-4f399aece0e8efd
51,6,5,I6-f5e465ec6079e09bf--6c-686e2b36-66,I3438-bd-4c3e-3fb7ecc6432746b4c0b-4a,I1bced96-fd18f96b836d013336de43fc3f-,I34cc4ee-d-a3de6c-f669666c9a8668c32c
52,6,13,If-6324-7-35b3f7-48296ebe-377f9eb4-f,Ib62a69044b32b18626f676f2ff0aaa7986b,I--040bff491f1d91c4f898c9-f-63-f5fdf,Iab2c20e1a87b44485c-98-ab57afe207eaa
53,6,15,I039b1663-5d4623b-6-983830fb62291-bc,I-4b940-cc249690f-997637-06a57a67c-2,I15306f5036311-46e-b161--ca--8fbb1f1,I-4ae44aab9c4425719a-49c99217c474615
54,6,11,I944688cbb26e-426-4626bc916--e286-bf,Icef6fc2cdcac5af-d94-1b-4c680fb12e69,Id31fb4e138bf3f06-eb3f36334359d49e--,I357597-55380e8-7cb26727bd-23ea34b-0
55,6,14,I99-635-99e6df3cb5429-4f98b99643de-6,I5f--90e-c403-5ce873de466-8ee30c690e,I4be16ddd6df4413d3a315-b-451616316-b,I8865e6c4f7-7027382-8a87a-a5678c6a42
56,10,14,Id86156796b686b58165d-75e-d4c237f6b4,Iad73f7da8a-9-8f74847a3708e987-fab83,Ibfe-aa4c9c652-7e1b91cfef59e6c8e8-e1,I8988fe66-7c4987-69-a177b8795873ee77
57,10,3,I3b79636161fbe97-e639b8f9f886-6bf360,I2cd849fd4-07dd7e4e8992-0b77999332c0,I-fa-15--ee9-eede-e2fe-844eec96e7e55,I2e-5f059e23edd59efa2c0ccb-503-4-f0e
58,10,8,I3-64f7ff5eb856-bb-df6655be9-40e9402,I72a431467184594f7-44-fb8-c9ce94e-44,I59c4ff82fe119-efae18-98-4991e5d1-ef,Iae-53999355-84859-8b872a2583296a535
59,10,8,I9-ec82608de031327e6e84448e-67bb6633,I152a10a5f-51215af-5a01e1e-0--a0-11f,Ibe4e9e8-459f989c1acf896fb9c-97-9-e-,I883f44-221811f7878-8128a9-1227a2662
60,4,15,I06b-ee2795beed9b79132e3334--6e6-ff5,Ib02b280-26b19b-998-6dd7300-9038ffd9,I1b98b-61a-ae4be5b7-14c77b4c7bf6-e94,Iac2490dec-4c2309822b30dbd2d209be81e
61,4,5,If25-4373f5c49d6-fc4f72f62f3e6e-164e,I0d41c-c--40-c0d6aa-3cee-0010-4-7-c6,If78036ce57ebf6a971ab-ea9758715aeb1-,I3-4cd4cc4c3-a-49386c93616e3a38-34d3
62,4,11,I64903-b0fe624b1be34b---2dfd-49532b8,I8e103745-7911edc-5f56e--955ea0507fe,I--87-94c-a647--7fe7929a89a95916ce07,Ib41f5fafaa2f84a1e1-207a8e5ae59-5bb7
63,4,8,I7b730e-7bb66b4869-5e-59b637-f23657-,I76d-df34-b3c--1794288b2-c6-c1ddd-27,If0-ea7-abefe7a6bb4916---c39ea-f8eee,Ia23-c-29-932397895-5372-879ea73-ec8
64,4,15,Ie1656f6d665fcbb52c6e9092-6bd42dcb08,I3fa2ee74433-bc61-c8---a130-22e-caf0,If83418ae62e-090991ab6--b5eb4427bb5a,Ia56-e77--0a5f775828a1eca187f746--87
65,5,5,Iebf3d-06e44cb16f449773--81-66fb699-,I-ce97efa585b5f-a-6d-fde596e7-2c--79,I5-f2-e1fdce53f-f1250-39c5c222329dbf,I43c-4aa66-9c6ce7-939ccc3c-8e-f43efc
66,5,6,I373e-6-6364363c6c-4-be66ff69811e896,Ia0680da14-50b340-da4b19e10de43a1bf4,I0bb3ced258be--0-bc1b199ffb1-c288b1e,I-5e-52e28923e358e430-7-c622--3a4c-3
67,5,10,I3bbb7ee-2bbf35926e8d7311b6b7-6bd-6f,I19642-c732365-99420e25b72615be3dc--,If925cd-c30d22d-309101ebc9-c9--19b-c,Iaa-0408821a8812-af26-178-a2861af134
68,2,14,Ib99325b2ebb7eeb1339--82f6d59-6f66b6,I0-443c2-0-d04439-c6844-740-998b244-,Icac4c36c334aa-813fa694ea3413d1384d3,I88dc8ddc482914c0493-e884-434944-9bf
69,2,10,Ie586f668f319e9282dc8c--9b--45c36e5e,Ibdd54442-d9b847412f2ba6d6-2b77866a3,I4d-e38323a33ca-988fc777838dc4166c67,I88b-bb-b7d4b-1bb96b10cd-5884-44bc61
70,2,13,I-466596d-b6e4e6-6419eb6068767739b43,I4eddd50e1-e6-916d34-409db904d964-6e,Ia47492e33dc2c8999c9aaaaffa8daadce3c,I2aa45e94aaeae872eb89bb02be-8-a-12ab
71,2,5,Ied68b634f6e40c7f6eb7--6-31f3c763c3b,Ic95b5--f9-13e71---1316-fa-a1-1c--11,Ica64cd49fa38c4e4dc6-46-fa83a-7-a9ac,I61416c597454a4b4c499-7aa51-e-c442-c
72,2,12,I7f4c-96-4952e96-b6184cb7b9d4-47436c,Iadfe4fefb-e3-b4-b87f040177-90a0f7f9,I-e68c84-6c9fa33336a-99dccd693-76-a9,I7--90552733369e0e82955d8d5e-9908-85
73,2,7,Ibf2ee6363bdf53-759-e5-86e422945ef-8,Ic155-0bc----6c3c5c45c8c-be38bce71cc,I8d3163d3adfc134c-aca9c3a614e3c38c9c,I417---a9888f6-2ff08ca8618f-64246fee
74,11,14,I536-f4433-89-b75387--599689-2048326,I8988-68--2-b-4-5846b32-24-6c-5e6-6d,I903-784e1490-5--7c73549d84-9c432c78,I2a129fb-0877285fa-12ecba0808705b2eb
75,12,15,I062f-969591f6-f5-36e-496f-f60-914b7,I5966aa97670e-49dac6ff0d47569-dbd677,I-47b0-b4cbf44b064bf-4528b768-1-bb11,I7-4b-24bf1e0fa2b80a25-0fbafea92ceaa
76,13,4,I6367398d-bbb-b798312-b6874438--296-,Ie4--f9-ca049042d0e474957d2-0d4aa5f4,I7214b8aaf75a00-2-a5e-f-9ef0c184a5b8,I9a2-d0285-660eaaaa93572c2e-95e-9558
77,13,4,Idbec69b97826d5628b331b59ce89f595-4-,I922b-44664c3-2e29633c2b9cb4445ee54-,Iaff-502f717-88-4-7-7-2ac---8-08a-2c,I2837264a68a2482fac2f-227287f4e47773
78,15,14,I4-31ebe46698-26fc1989b2-9-8-64-b4dc,I-f4-7-2-5f4049c-2d456a22-90-0ae2d2-,Ia4121a1ba4694-7-944f4e642-994962e75,I35c3--c-5e03ea2-b8255b-e-3d22-5a-29
79,15,8,Ie6b1e-9eb8f64-1ef9bee346459630e9e8-,Id5caf-140eaa70f-4f6fac2d0d-224--be5,I-49b49-a54447411-e-65-c16171ee5154a,I721171-f371182-95c724342f34-6-7148-
80,8,5,I816f9-96b-efee-2569082688bfb6d59d23,I5-8-54cfdf-28f8edf3f4f5-dbd59bf33-6,I834983802c5295427242525389953e22862,I2e8a84567002699282-3f-2c4893252823-
