edgeID,from,to,networkCanvasEgoUUID,networkCanvasUUID,networkCanvasSourceUUID,networkCanvasTargetUUID
1,1,9,I48f84fe8a-0--e486b4b6-6ed06a-0b9b-0,I4b8e1631e-d080-64a4c-e21d-a08464eef,Ib59b93dfca5999f51f534e5b2a-b72efcd2,Ie2d-315-d8-76eab8f-a16d21d-dbd88-a4
2,1,11,I-4b1089b9ee0fd4f0-d45be8-7b8bd07d18,I044a1aaa191aa4d1fa0-ca3cad0649a3800,I3b2b91d-346eb7ffebeb1bbfecb5-dce98f,I492f962-499-fa6948-7f7884effd-9b958
3,1,6,I000e64b47b86ea0b-e5-ffa8b8b-9560668,Ibb5570c5f55f04c44ca425-cffbf4c0f544,If519eb3bfee59-991db5999bebfb5-95a35,Ic567-78b4c0a3a5c3385-0-57328a14-425
4,1,15,I7b649d-d88bb04-64aaeb580-80de14f-1-,If-ac589-b092c8cc96c9-ccd09-45fca815,I655157e-913-afe4-c9559ca2-2c--b5e58,I21525b5-455225bcbf01-01eab31fa2cb95
5,1,15,Idbdefd5bb08b-f11ab-b4-ddb8ed8df8bb6,Ic6bd213cd1b9dd218870--20-c791b0f1a1,Id905a10f6a--ad4f9--b2-8de5b2896abe1,I0c7--5702cbf9-f24a777a2b91baa1-a24-
6,1,2,Ie194b98-b8e488ed-66bbdf9bebe6-a694e,I-2f8ec444d26--c52d7-2a3-61df24288fd,I-fed459e94f4e-412d1d05ccd5c57b38fea,Ie279a4aa6--7841c777470e89126c9a-d77
7,1,10,Ie90-db-a409-9ea-68-eeb-88-0ee4188be,I42f-9-b94116--b42b5991-fb-4b18149b0,I-03b5b86592-24-a96b8-fa4b39ae421bcb,Ib-95-377b5cafffff53-393d74b9143bf-9
8,1,4,I1958a9e9b8dd-4e9ee4-fbbd-4bd5b547ee,I9d-a03e49ed9fbb4bdef8472a574448824d,Ibb9310fa938f95-bea595-e3--ba-5b9c43,I-1e323-eb31-361f-ad00-d25b23ab63c21
9,1,7,Iabbe1b48-8a6bbff6407-f01-6d88e-ee8a,I1eab5dd7-d-887a2-7d-b4-a7--7e7db2-d,I429453e4e1f-8f4757cb3befb29e8b-e-df,Ib704677-6a25406-261d5564e1--4660255
10,1,12,I98e8a5-4b080e4e98ee58ed58a0dab67b85,I2497e57-4978b47569e87-6b8227-52b657,I2f992e5949afaecb5f69c-bb9ef0fdad-95,I9d03-e38f3d83ff380d-05-6e6ecdea48df
11,1,6,I0f6a1b17d9f-b40e-f94a4ed99d9a10ae8d,Ib47626b15c6c4b32--2c9cc01ab3229a782,Ib16557c9affbeed---55-5446b5db6e5fb1,Ie-3433dddaaa50ca-7-e---57e103707202
12,1,16,Ib1-5aedb9a8e58ea5988be88700ef4e-b66,I045d4abb4a3--b-ad4a8b4baa4a58f-0973,Ic5e9-549fe595dfdf954-6b-fbbc95b94ac,I3f9ee807f33c9390a31ac051c-cfc-ce41-
13,1,12,I-90-7046404d04e0d6df0807d80edb-ee1b,I12-5db12b35d8a-88aab3ff2d8255028531,Ibe5-a--fe493-8b-cfe5-5f6ee5ebdf90d-,I2-1a7b72fb-2747afbafa7242bab-21aaf-
14,1,14,I8b6bb-99fedb0dad0d8fd96-986956bb-df,Ib0-3e6b8-635e44e0ff342dbeb447-44cbe,I5c823bb9743524f3a4f9e499cb9f5892931,I9-68411ea5c11a-3a6a2684d4a64d6a0aae
15,3,15,Ie4094-b-9babae8d06fbb-e59f0e-f9eeee,I09779d-c14cf1-e76-a6629024-a7-6-75-,I1aafaa4afbf-d4c133-2641885--86f4be-,Icafc2a5171c7e242-f0b5c-a--0453acfa5
16,3,11,Ie060dd5d6bb48a81e89baf4e05-5bbfb8df,Ib847878bf56c-b453cdb8f3de5--f-484fe,I8bd4596-12bdacadd8388a55-219578-3a2,Ia17f1c1c7cc--1549fbcc51f-2165b5f22-
17,2,3,I4b0e6fd-0-98d4810080-41f961e40bbfbd,I08ee01-b8-8008--18-c8-b535b9e248199,Id4---468b46-48abf99-b7245f2fe84679a,I5f542eb5--65604cf41755556958f33eb4f
18,2,8,Ia9084d-bb017d89bedd0ebd88ea-694-045,I8a6298e816-eb-8562a97-7a879ed92aaeb,I687fdb9a-8-299d8af9199c9944d-a6ca28,I5-f32-ad7-a9d7-df773537ff9231f-3a5-
19,2,5,I08--8b99bef0d889-e5b5-b1f-66bab8b81,I8d10f337740bb47f348cdb0c7b4-37c3--0,I6bf97bf-fb766bb6599b4b4667e979-e9c-,I10-fdfe222225cabb2-e62b283c384-d-3c
20,2,7,I-0b6eb5ed440e6dd08b-bd0e00aeb-e-4de,Ib5484446745e8cb136851cbea4b0c4f5--b,I1b1b9141ef764276e---95--4569bb62245,I4--52b-a216b-2e64a5303-b6-3417177d-
21,2,11,Iea47fe7005abbb790a4baa4b9-09d0e5e6b,Iea797df9-49223-fee-948899f7-47ff1-f,I446-96d8cbf576996e96-6676ec4271c94b,I333f6-68a2a8429968c64e3de8d60e88-2-
22,2,6,Ifea5e91-bea0eb-8-86ebf9be104e4-ed5e,I4126adba--548--869--7-a2461-77a5-a3,Ifb6-a5e7b5d9fe5-b28-6df-9f98--acf48,I05d-4a45d2a0a0-ac30d47363a0d6030-57
23,2,12,Ie7557-b8a680e0958f8ee6e9e4ed6-80a9b,I422e6da-e034-9-9e-600-403eb-33339b1,I29f9ffa-94--fd2b78279468ed49-1abb7-,If4e51666b46f46-0-fe-05-8-8bf5f95eec
24,2,3,I-de6-d8e8849b-84ab-f5-bdeb09856b119,I74c121accc8aacac-4c20d--1b-78b7d-98,I4666-affa7d466a46f9841d9b9891b82bf9,If1-a417b1a-91157f9218b--8915-7b1142
25,2,7,I1198a0-eb0b89f00-efa8aa8eb8b87007d5,I8dd-d7b34f797-f08ab7a77f0-9-98f384d,I47dc69-bb9--6995-4b545677118947d91-,Id262412-46a13fc6af-ea6-aa-108f-a9fa
26,5,9,I-e0be855d8d6f0e6ad-b-5ab8-def80e760,Ib8de9165842395d2b6-d6e-5b435221--3f,Ie51a8b95abe08-c--5aca86-50b35585ea1,Id94f92fd9397aa34dbcc5-4f45ff-55-530
27,5,14,Id4ee-b-8e5fea08d8-ba080eb-f4e08f0bd,Ie78b-333ae4b4--cac-3b8a1763-388cd37,I7cb2c42aa413a55b56501975-5-9-68e356,I-da-2232def33-1e-3ee4bbae5db02e3ee3
28,5,15,I8de708b6d7d06-a--e00784-49db00d-a06,Ia931434-a3d59a21437259b574-92a38467,I9b52cb377aca-4--3a495-a-8305a657143,I4e5-bb74-dc66-d5474f05c-61-1d516455
29,5,7,Ie048-ee0be0---8eededdae804686a6190a,I-40141972252a4-1c4-4e4--144243ca6ea,I4---237--a9fe5f85a25---7e58b45ef4-7,I9--66c8-396f3-8c6f6-9d3853624e6d0d3
30,5,8,I-b-8ee8-a919-d6094680b8-f80bb86049d,If0c225005cca-a0ccc2050f25770e24-744,Ic24aea5b-a27a275392aeb245ee57c-e37f,Ia7ad325ca57a3d-c75-cc5-5-c37cd53c1-
31,5,11,I-8d40d40d950af800-b64-4097dd-e-d-4d,I5-da3-53a6d51382998a0-4d8a2a05050a2,Ieab-94a-7505a-06f050e4-52-ab6b5ca98,I970d77bfa4b11b41-951-7-f1a7a1492988
32,5,11,Ia-68e8-98d4d99b-ee-00408a66185bba50,I5b81b999a9b86ba75b59bb5fbee267536e9,I155b1fb23e3afaaecab525c5a58c0f58ee4,Ifa-ea56b-4a46baa94-c6fdacf1cb1a6c6-
33,14,7,Id-fadda9da4044-97010986de849bdf-49b,I-52-a-6-65b5a3d53532267b4dea2-575bb,I-3f-4127575f-d5a3a-174cd523-7adc-3c,I41bcf2d3c3c51ff31fb142b1d3b--6b18a1
34,14,10,Ieb064e06fa0da6ebb0-b-8-d8b-1deea888,I2997e3382f8b-1999b199319b00ec2-0c98,I3ca9f1-75d72792537a3151455fd35a-9ac,I3cd36e2-9f-39f-85a-4-d-6928-33-4d4e
35,14,10,Ia-0-0e0e900e--0beaab69b-8daaa1-d---,I327d-34ac-2733c7-c-c7348bc014c7b9a2,I-509fbf4790-0af93533d53723bdd-29a0a,I57b5eb47b6d-47d1d426-716--f31d0bd05
36,14,10,Ie64deda0080-fe0-1-65--d00-eb-9ebd4-,I3d483-dc6d488f5b-6f60d3f65b07f46b69,I7-052fd4-5fad1-55-b4--a49a324-75d72,I25565a506a540-04d2a5cc1a52--5c1c470
37,14,10,I8b8a0a4---b0b8bdaff781-96eb99d8d-fd,I357--c430a83-8049-25e677f07050ef74a,I5c97553df4a37-2f4591f--355f93b-d329,If402-1-8a-11404ffa17bb9709a90ff782b
38,13,15,If180eb784be4e4d0d040f8f8dedea4b8-bf,I-be78585ee2a-85c8cb70772ba22d08bc00,Ic13-3a4c2-3c38de2221ab-acee13-3e-1c,I26-668a-f4--98668f519f39d-83d9-f698
39,13,13,I86eeeb6de89f05b-debbb700-bf80af94b-,I4d-9dd41-1adb666d8d99-6da56b8a26-ab,I1c3223d421e23e-525526d3b111-12b-83f,I6-3752f5d1f1-5-d7d-a46f5-631552b-b1
40,13,11,I7e4e4--1880-aa6b058add0b41f88ddd1ff,I1--15-11d1f556f6296b595e6fb94d981f6,I-1d1a5-31c42a-5e2d53c3-e41-3338ff33,I56552533a735a-0a0361d0a-a51ad3431c7
41,13,12,I449be8d08ed1fb6-8f70e8b0ee0e708eb9a,I4a-bb--c5326b-b29dd4d-ab2d6-a6c6--2,I156c83d4b-33a1cac122ec5ab28f1be11de,Ib3b88b3-48f-09039e80455-c851be853--
42,13,7,Ib5ba56-e5ee06-b806b8-0a8-a06-9e-bb7,I019ea490a-ad2e4e493e94e5efeea-43e45,I2e-53b01d1e21-3a3-03-84110e33211c23,I17b-7a-1427487147a7-7ab2da--741-a-7
43,13,15,I6b89fe7ed0--000be00d06ed8e506ea9408,I15-e2111-e-5c-c6-c49c6-c-6-ec-17c6-,I-2cc3-1358c1fd31-2f-d53ee1ac2bcee31,I26a814c60f63a-cece6ac9423c2c405eb3a
44,6,13,I86b6a9ba4b04896469b80dde9b8abbda88e,I83bb8335073b737349e2a-4532322e950c0,I7c-6244d56c21-5d-644ad6b346aa7ac5bb,I-9686-e36898d6569fd3ee-23-436d4-2c3
45,6,13,I87da8-e1e69b-a84baafa86-0bb7ab0b-eb,Ia17e9-7756ee77eb75adbb-9ebbeaa93-a9,I-31-2aad11ac176a453124515f4b2047434,I313a-dd-c3-5d70032054-d0d5a36-e543c
46,6,16,I-b56964-5897848d6b--f678dd0000e0b18,Ib27e5eb8-47e2ae-22849532-3349c4a82a,I446da15b-f5a6a27d41-477f07-6-066256,I836105b3b-9b48-63-be8e445b65ebef34e
47,6,6,I0ee0-f-bbeb-8ee8beded8-ade5e8-049-4,I54f448e5887b4d61d-a091184c9ef6-8b4f,I504160111445-d27b321b1d232313c7312b,I-8a94a-4b5dbb1af-14771-27-b928-8-72
48,6,14,I-e--1b8bd1a0fede---b44e-80605faee5-,Ibff-474ffc3bfc1f38fcf6-6b479764-fbc,I6fbaebba54-1--014c-b54e71567254bb3e,I469a2ff51f34cf-1a4fcc4e14fff2fe0f32
49,7,11,I4e6fb985fa9da1680400eed-adb0-d61-be,I4c0-085c5357a580a-53af340-081532c8a,I335--182f3-f-4-8206469412-234d4833e,I8eed-0a3dd6ad0cc3833da777d8-38d7d2e
50,7,15,I008b88b46d7b09d008-4b0f8d96faf-da46,I5b21dd5bfdbe8211dc03fe-8d90471-bdfd,I32-09fa6a-3-fe2-1f9c43064616-1d0932,I1c855-3536b86333b83e6-f--9568b61b33
51,7,6,I0f00e84650a0d0d1eeb0e6d8d-eaf189666,I-2fdcdfda6e-952f661ed1b5-d8cec4b2be,I866464-ff4-ac8-238491-e85e44256e663,I674a9fd181517f4d7f425ab4-171a-4aa27
52,15,4,I96-70fe90-e8d8-1de7efe19008860e-b4e,Ie0bf18378abe6f440-ba540--aeb4541aa6,I3-aad34306a0ad-038e54c776a003-e5ac-,Ia4427bb-764-7-881b49fa-7125bbb182b6
53,16,5,Ib8488d896b9e--8dae0f40-b66d0ffebe6-,Iadddd12dcc-8ddd41ff168dde8c--ad1ada,I8-3232c00a1ca-3-aaa52--3f12310-1904,I60a612cf10a41a17c0f6c5102--5a474a27
54,16,10,I796-0-b--baa09eb08-efbb0f-8e-058561,I10ae3b8c63f1ff3098413e61e14-91fb614,I19a5a-f091e1cc03054001a79100a1--0-2,Ic7aa27b-a437a364-1124e4ad67cee7-a43
55,16,8,I85bb40846abdb6a4dd80ab0168-814b08-f,I2f0-a--828214b28e7b7fe6b078222a-e8-,I4273040057983-9a-2a04f-e0c9af4-4-54,I4b9b1d-7edd43-c8-d887fa9b8d6fe-44a7
56,9,10,I79ded00b580d0f6dffe6-bebf9bff0b9db8,I50b8b6a381454038d--85f54b20a951--50,I5cc4539a2f744cc-574-5f9acb45357-15-,Ia0f420cc92f32a737f40cf3-c9c52-00fa2
57,12,13,Ib0a-bfeb-5a-87f0e0-00e0db-e97a88-99,I63b8b52-b-1--e5bbc1885-338ed428ded-,I1b4-96-685e6bf4c088-0be-b0614-3f388,If-f78261a6a1b6f8a7b5b141-b7a7baaa58
58,12,10,I84e658bdd5e8b9-1d40898-bb018--dbe8a,I6d84-6d7a269df48960--61236176346-5d,I86-ee-8efb61514e-433935e-f01-83000b,I-9e-cfc91d924a21435f1f-daec819324af
59,10,10,I1-e-4e-8b-50-fbda-b-be-6b95-a8d00d9,I0aec4a-0c-ca1ece19f46ca1c24ee497a-4,I4a7bab77-b4b2971b-48dbaf4797852-7f-,I10423a04458365f3b336f1d56-faf-f4fa-
