edgeID,from,to,networkCanvasEgoUUID,networkCanvasUUID,networkCanvasSourceUUID,networkCanvasTargetUUID
1,1,9,I-3a-37d9bcffc9b542cefe22c2493d94bfe,Ic44a0498f0e8-7ec-448-4482e018044e3c,I-f-13119549-299191b08e404f9ccd4b43-,I-3de9-0ec042df38d-4cc5d9-a95968717-
2,1,4,If4-a73cb-c-cb74a-35337cd-6eccb2-d-5,I6eba699aa24687ed34126f3ad-f8-4e4-7b,I87-914219141c0816-3-89b14-e45-97181,I33de952-bf9af768d-ad9f0-eef6063cca0
3,1,8,I-fa6a3c-ef-ce4e7c45d7-37cac57eb523c,I7b3230b3fd8b-7022fa8d379d76cc033c7d,I3-47714f1dd41-0d40f81c-4c4142909443,I6-e7f32f6a26662b2cea80fa4--6bc-e-6e
4,1,11,I4cc-355cffb5243347244-e3fdea5-444ad,I64-c6-5bb-4572b4655-6aa-ab444aa2ca6,I1-b4d97d493c6cc1f5b25444f1e4148d9f0,I9167-79a866d-c99676c99f9d63468f8-7b
5,1,14,I-2cbd6-3c5a32cc2-dc2c24bea6b3d7cfb7,Ia3-854dd0c---dad3d218-77663138-84cd,I521c943b-f7-13d96038-c-4c3fd--769ec,Ie79-9-25dd3a181a-19a167b311-0c313b7
6,1,8,I-a6bfbbbcf7da659d7dfbec27c-c5-cfb-c,I18a54-a1b19b97b94406bbb7f7461167366,Ib3014d4d884bd01e-93c0-94fce1f13cb05,Ib82d18b6ba94d84-67-5-5-5af862--5abb
7,1,3,I4d-5ab2e7dd5345bbcc25c974b5cbc-5dcd,I4-04bc7502fd652d5519724-ee977c-5462,I9943c499c13f44dfff991-5c-c3918054e3,I0b680fab4fbdada4bbdfbded92b2e244fdb
8,1,3,I576-cc4defb-4ae4-7f3a42f-a37b-e37ae,I54b528a-428a810a83a30b--88-0703-17d,Ifc68d-c2-29-313cc73--b4-4299--91b9c,I744-9240497490e9964-4494d9a3d20377-
9,1,4,I-bcac2-f7e6--9d-7df472c9a34bb4bdb-3,I5cefb4ccc--54--cbccbebf2-b556-25fa6,Ibc17-84382f1c233cc82b--2123-9e850fd,I2-ff41c4f6-43c614ed62d-71d0-d421-a5
10,5,16,I6ab9a-3fc4-2a2a3ec4262-225925c42cf7,If2d8ac1be04f-8dc13021d3-7d6a1f-2000,Ie56198c6c748-889-fc5fd-c-ac6cc5fc51,I56e5633-e96d-4f86a6dadc-53e-5462ea3
11,5,8,Ibd324-b247ec-f4f---e6eeb-473fb33baf,I9710d-344--d829-83-a2bb4d4d-21--a-7,I96dfe7c7f-73176f49da9c7f77f-fcfa1-c,Iab960a-2cc-8ebf-4a8-0610aaea61c4ee9
12,5,9,Iec9abfc2ebfb4c-7aafcee-fb4ccff435a-,I2922-41e82bced31c2aa97-294e2974cfd9,I-66-7d986c0904fd9fa5c9-5755258-0f99,I-3992c--dd7d37-39231dffe928-e74f8c-
13,5,7,I42de2c273d6b2bf2c2cfdb3c-94e4eb7a5c,Ie7794---934d497c8-d870344e90--413-e,I4fe9cd8c86--c56-9-2556c9af45-83250f,Ifbdadce0249cef0ddb9-fcb4b3ef6e-3f-2
14,5,7,Ic6b2eb932cfb-af5552e3bdefc235e6a222,I9754be-97-4194-79ee4--774b79baaba99,I3d-ce-5e4c06691cc4c19c55cfc-c-8c68-,I552f-fb5f5d69d-afb38--dffd5-a65eeed
15,3,10,I45cb33624be2bf7ecc-33c2ca37cdb4adde,I-2ddd4379-95598c-86333d89939-5e0d5d,I63eac6e7-faf-265ed6a68afc6009d63835,Ifa-7446cb-c4ec786c66cc8bc9a-8bcfeb4
16,3,4,Ide324aeb2-232932e4f92235beb5f424--5,I-3cb8-bcbd6bbe4b-edd4cdedd888e3a4ee,If4-6f32d93-6c706e85b3d96-dddf23--2f,Ia9-e8-a99a127609f6-acb7167929a6ad-6
17,3,16,I4a9af2ffbedd22-c4e44cd-3cf6944abe3f,I-dd1f46--b9d6f444-ed66b687e71-4-016,I6039c8-673-8ff336aaf92-e59-6a60e965,I78-6-e61dc095ea7-2-3c5de871-e-84166
18,3,2,Iaa-33c2df22bb9abcb-dfc4be222c49fe4-,I86099653-b805fb1611f38b-1fbc87f-1b4,Id3429b2---36f06efa3a-8-f69e6024-3da,Id21059ad-55145bde5-d--4-225597-061d
19,3,15,I4f-4ebcf7-b-2efa2b3f4b7e74eb34c4-3d,I5-ee16-c5ffe46c-412d1c4-3217bde51e2,I3--265f6-ba9-b6f-3d6-7c553f5e6-6-68,I7c-2c338-3ef62-9ffd8cdd-1-9-9742de8
20,3,15,Ifce2e-4d62e4--2efc7ce2-fdeb24fc253e,I-9b13ce-c3e4-62a66d-6162762436-6cc1,I9690-fd56952d84e9-3e-9ed-3-639-64a6,I2fd2422d-df9cdb--9e298-bedd2fe4f0db
21,3,11,I33fc4-2d7cf2--c2-6372-7be44-c-c5-2f,If8f8ca50e080fe448-b819-f-f-d-0---9b,I-eaac3-e-68de6922330-2afaed3-99ff5-,I96b96f253--4--db7920a7b7637d924936a
22,3,2,If-f2e-cb-7e74cae79aa9be74-f2-52-b4b,Ibf-241-4022fc50c-f9205301547-f9f5--,Ia943-9df323f63f-386a66-6bd0d-96aa9b,I21445-31fff1c-d279d6d-5-9dc2edacd60
23,3,4,I55f2e-c46-c57cfe2f34c-5-c45-c2e-774,Ie6085d13333bed9d03047b-8-64553f6969,I-6--568a32dd40d6c933d76-4659f2-aaa5,I-544d30-d5d9a76939699469--d4d-9767a
24,2,9,Iad-57be35bf-7-ea3f6de76d4cbaf5-335b,I1dbe88-ef84e--52ed488498e4e88b84c30,I6-a--f9c--faf8260cfc7fec62f3-f--0cc,I98ef9c--49f3d8399cd384-139-818c19d-
25,2,6,Ie76952bbbf465eacc5-2cae44b2f--ec3f5,I91749b265524bb7b085048e05965060df-f,I2--f7c3aacfbc6ce6ab7eecf9e-0c8e8e26,Ie2e-c3b32-4699d42264d9b4-fd044ae-a4
26,2,8,I6bcf54-7-fce72b3-f3feb-4c2-2bb-3ca5,I973ee9d68753511b841f4880f967e03-862,Ice7f4e---ea64cfe2e8bce4-a-cb6c19636,Ie5997c93-3d3956-d6fc-b59e69-63cbfed
27,16,6,Ice43e-6c6edf5-aabc3efbcbbec752a56cf,I165bc--c9bfa7b0bbcc-56b2-a01b4-6980,I13a0c7e9861a9-f-a91a26889644a26c311,I5b90512ed139c8bcce1d-e1-23615d13332
28,16,9,I4-d7cbb-cbf2d-bbc27bba27bda2574-cf4,Ie583181fdf-8328440dec4c491658b4254c,Ic7a97c311e4-99244a-ea1c27f69a477793,I5d0bb52a77182e-22c-e11d114b5a15765b
29,12,13,I2ce4eb5c-afdbee-3b9-cf6--cc2-46cef3,Ia-a2ec73-0e34-523d284ace-0d7dae24dc,I4bb53094-acd6b-433a0aabba7-746aaa-b,I14bbdd-13d64b8a8af31634d83-2dbba821
30,12,13,If-4246273bed44-c3-22d33e2567-c7-ccf,I974c5-367-0c67967776c970cd-6c20-070,I26b76736--04b-0a4-04d6-44b603b40dde,I7688-764a2-1d96569ff5-c1ffa2a9a272a
31,12,6,I27ef-3d3c2ecef7cfaabe5cccfd--7d3244,I59b14b4-77-eb84f79677034f74f5799669,Ia6a0a44a6c9b46044d007b4-9141-e-4a77,I440dbb4d4-70ed2babd5e4e09ed0e498894
32,12,15,Ief-53ba7e49ea2dfcd-599ec-2ac4f5444c,I6e5ff2a28-8990ce9-88828b-6580208855,I54e---a-9a67607-a64670446-0ea6-307a,If402f-2e60--c02497e-de5591d019f6aea
33,11,10,I5--f2-f2-db--ccb5b2bf7375dccb3b3239,Ia1d6011d2dca3014-dadd--10-daa-070d-,I6-d00c7-0-7721131d4e7-e979cb23169--,Ib65aa0-c544e544bc7b55b5efe8-2564d61
34,15,10,Icc44b497-bb-af94e-cad-dee46-24fc2-b,Ic59343743634c8724fcf94492-929--d44d,I46c3-b488d3b3cc--3c97c-148-49e9d3b7,I6d9f39-068e0e9649b4-f868d36-f-edb82
35,15,2,I45327f46-fcc7e7c45-544fa-75b5ce4b-5,I-9d998-a8--989-b-9990-a0895d5bf5a99,I932e13d-df99c1c443e23ff9c43-1--d-c2,I6a39a0c25edad-9e699e3e56e6c-fd75c9d
36,14,5,I-a2c-4e--9ef5fbebfe3e573d-b36f3bc24,I5316cdb14-11fb73f1dcf4-1b-6b6feb1b6,I3bda83dbae818d2-d-46834ee1b44d83f14,I1-85--0-6c86818fa-95b74bc6f4dff7046
37,14,4,I3-3537c7-c2bfa33737ab32ca4f2-decd2c,Ibcafaca33-d0a54-aa11f1818a0dae430a6,Id3d-a4d8b8a4-b44a-183a2b11d1d-1dbd1,I-249849a4b3dda07430b--8349eea0db-28
38,14,9,I--fbbcbe25bdab-f4f-a5c-3c7c-bc7b3fa,I-72b8fc-efc0afbc-5--4efb24c4bc40bb2,I3-2b1b-4d442-a241-1-1113361e5baca1b,Iad2-f9dd7-eade4-d9df301fd7f9439-99a
39,8,11,I5-3e3bcab9ef33c-7d3-3bc2fbb5fcd7fd5,I0--4412-10-4aca401a9f308b8-a-a-9950,I026e6bdeeb90d-dcf336-d-8efb4ee242c-,I58d94dff696765-e67aaff3d27-d9abfd7b
40,8,7,Icdb7-29bc32c32-c3627-25c42b5334cffd,I21f--a82bc-8d128ac--2e-802480-2c284,Ie9add29a4be96c2db-c92bdb2b4d8-c9be0,I276d99f9ad7d9476d0a-a65a3d-699d-7aa
41,13,8,I2473ee2c29-32a232ec4cc-37df6fc47e3f,I834a06cb34a8e-814aa986d8828a---a45a,Ib512-4279--6-a20d7--5f1cf-97ef1ebfa,I4847-e5-9dd32ddd7d23-9042e4bddd4-4b
42,7,10,I4e9d2b2f23-b-76eaf954decf-ba52bcca3,Idccd0-f1f1a64894a31faa4af94a4c831-a,I-5d50ee83e34ed7a885-3dedb-0bd957945,Ia0fd4394ffeaddad41ad-69443a74f49999
