edgeID,from,to,networkCanvasEgoUUID,networkCanvasUUID,networkCanvasSourceUUID,networkCanvasTargetUUID
1,1,3,I46bfed051ba9e-dbd60d6b0-0-79e79-d-1,I13daeed41c411d24c-401-80bc-bd2-4b37,I75e115-89f9da9e-89b78-23e53fbd7--b3,Id6b6f8a-feec44822d9aed82a29ee94fa15
2,1,10,Iaf7de8a-8f466-d-64de0aaaa-b4bd09-5-,I9a9ae9a-8-a8a9-14aadc9d4afcfda41-40,I090297459--0-bf--0e75-197-b78e5d4-8,I-8c998f94b6ca589f464d-ad9d99b6ed-72
3,1,15,Ie8a054eb0b1de600fde0f4--99b-48bb9ff,Ic87a4bc02bc45baf3f-20c5452cccdb400-,Ie3555ebf5cf3fbec-bb7-b51-950ec79e94,I577b876-557494-0bbc65c-7b80-1524a21
4,1,11,I0b9b6b079e-ab075e7aeaf9ad69e80faea8,I8940f98ff6cbc9cf0c9049991c9bc48ccc6,Ie2-4-a5b955465275297311252-93f8-9fa,Ia-7ab0c41c024503225525-55c544cb-073
5,1,6,Idf-fd8-6-68880840ed-ee6808b7da-0895,I-d7612c2d116a10c9717b1d1--5810c4c-c,I5454bc015aa2-3b3f465a2b634-dc54eebf,I0704c-7-07a71777-1101527c0282b7181c
6,1,10,I-9f70598896054b8bea6b485e9--141-6b-,I4adc12-2424c2a78f546f7-11c61478ed72,I-254--ea511a35-8b545f58fab5b3-29f23,Ic7c4-98367a-1ea23b4c63411-aa-a886-3
7,1,6,I9eedef4abb800-540f0bab8-08f6dab570a,I-190fa-aa9ba179adfb13b53ab7e7ba-a7d,I1fef3bb92251--fb68ffed5ef5c5-cf4bb6,I4c7599559-90fa374f5c5-93-4-a203d4a9
8,1,16,Ia0-5ea76080-6a06f04b08-45766-b016fe,Ie-0-2-43b20-9e0e--5d8b07e8-9e-4e4ee,I7a7d9-b58e253e9b2595f01a4e5ffafe9fd,I4243bc1334282314613-2-43cf2152-384c
9,1,13,Iba9db10ed8-bb5-8909ea8e-4456-e09b5b,Ia985393d72941-47-8ed19e62a4-e3add71,I129afefe8fbd--b545fadf9-275d9-e1e72,Ia-435546-4d-3b6661114156bc3a44aca1e
10,1,15,I6-de66568e-7-d-ebe4-e-e9401dfbda68-,I2-bae44e804755490944272085057--7-76,I04e502b-53ff9658e-2959a1d2e3bfbee-b,I-8d3-3645e488ef23363d618c93985353e2
11,1,7,I60ae54ef0080fae-0a9aa4---d8bfe470f0,I3bb-ac38b657ba68-152acacb50efa55a3b,Idd-2-aa-a18d5bf5a93a-55b745f-4ce92c,Id7343aaa-a7-c1a7d70372e371530a0011-
12,1,11,I1e-51f08-0-1b0d--89fe00ebbbbde0-ed6,I3357ca4--5ab5a-a17448-cb544573345-a,Id-f-f64a5e344--878b3f05-bc5-a154-97,I9f30f325c-850f20307fa0f3a4f7a-92242
13,1,8,If8eb0b0ae08b81d0ba6d068f4f8d9b-01eb,Iaada209fd90ab3-ee-344403054-ef9ef52,I5942ba0b5dd-40a4dedffa-5-3299b9a-9b,I5775b87b84a17bd879f8494bf8-19782911
14,1,10,Ie-8ef4b-d06a-b4-4-16004e6888d868b0-,I6--ddb44---ab3-ec4010444ed2b4-90a6d,I85ff4-9bd-3bccd4-73-b0763e4dbcfdf5f,I1c4d-cf-6-6943c46f---1daa032ff69443
15,3,4,I-996e6b4ebb-f519500b-e9e1a40057fb5b,I57264741770d67-6a--2a7a-3a6aa4da467,Ie45-a-d542224862f5e4-4297b6dad72d-b,Ic71e4a7532b557770a-c00c-7ab7cb-7c5f
16,3,16,Id80-61979-0ebd8e-a06efedee-da080884,Ia846e-3dbaacdcf7b-1d8e1-84-c-815e-f,Ie-2-08a2b64ddd5b6db6ad5-3cba2e96a4-,I661-07877621f-10aac0a-27-49701411c1
17,2,12,I0908008e88a8e0e-a7a986d0ed6f-5a48ba,I5f7683ec1e082ff310d96f-889-b88903d-,Ia476d6b25f79-8958d94f89b4f-bb-5ff4f,I5c4-b431-af387-a45457105f-5ce484245
18,2,10,Ibd66e-10e6b8-b7--dbe6b4041ed-5a-bd0,I--e969989d86d217d8d07e2be47-f8a5-81,I5db7fb466c7867f92fc6-b-a1-ef6a9a658,I73a1adf4343b7b355-c-45-173c--4ca35b
19,2,8,I005eb86688eeb0bf-0efab0e40084e-f79d,I8341908cbceed--b34dc30-0d48eb43-b47,I765fd51ea9df7d4d8999f2744e8a5fe8492,I--f213141c-4d324e3-214-d3a1d33a3db-
20,2,13,Id1b0def688049--e9eba8db0eb1047ded48,I71-201-c44a38cb555c-614-44b34f6588-,I8-41f685e988-957495ff846-47fef-ce9b,I516314dd3fde-351b2ad44--6a5544466--
21,2,13,I-ead8db0400b-6d0b017891dd9f9eb-a6a8,I61b9-227b2--99ffe29c34-eb379f3b79ce,If6-79b1f675769fef7-e9-6857484e4ba-e,Ide3d-16ec8-3e62fada3468a66ca30f29f1
22,2,15,I044d1bd81d-9eb91d6e0804b--a9d-e5bbe,Ic7d2a32-13c27da754a-5d13aa31c957732,I5d7de7597995f787446-a6e54649---666c,I0a5acc50a6d4401e4a36caee473d54a0ad2
23,2,7,I8b5-84-f0-b-f08e-dfae88bae06----e80,I28e623b486ccececeedf234e7aced3672b3,I94b1977d617-649-79e4ef97d47---f65a9,I8f63f4558f-44-c9--b8849fb566e80b-1b
24,2,5,I5b0dae49940584ab--8db8804b094e9860f,I-c0cdab--196a468494ac9cb86-87418c55,I9f95-b1688992d59bd12fce6a94bcb94871,Ia---5d41f2-742f1a--7a7bf811f46-8aa7
25,2,9,Ie--88bb0b4ebd74888-0-bd4588e9-90d89,I-d79-b55a5d-b-7b795-4f-3-45576b7944,I98f--579-76bd964d6d86f69--959e75174,I3a52-af44ea3214dad5c9a6acafcb5491ff
26,5,15,I000af90febdbadee8e94e0d880eb508e0a-,I81a-b08a2a42-17e-806fdee171-2d42f5e,I-54775b578c714-30ac8-7a86b52489c85b,I4-77735a5453-71f5-51-9f-7c4d77-d902
27,5,12,I60a8ab-a0967e80--0-e8-b980b18096e06,I3994-5c9a6588c4-4a33b94a-340ec8d499,I-4a7585a81329-53-8-4585b-efc54b4a5a,I11-2-23e-e340-46b0101-402dce-1c-f3e
28,5,6,I60deb9fd6fd-78fb648de8b819afb8-0ab4,I77e--fbb7a7758f4af935-94e45-515f778,I9-855-9b-5aebae4598-a5555782aa-c77-,Idc1b74576661d11f4b2173b545-db442441
29,5,12,I-d8bd-bb-986f8871a-e98660abebe4-8--,I-4c1-5595-c0a4990464ac2-c1a-3c141a-,I353-e35ca655b5c3c581571-39b52-5585f,I1-33d98-42268-2e6ee8f9df933-666a3e6
30,5,10,Ieaf-4e-b-b0f4878af-fdaba18--68864a6,I00fc-40-d712f0a59aaf7fdd243d2955--d,I754565f385-2b-39a84-69241-5a--a0a7a,I4adaaa35530-e7-1a7c5c567184d6eda01-
31,5,2,I0f-048a7e608-d008ff4-7668eab097806d,I8aa-3-f-652abb-5493d068af5f50-403a4,I2cf95-9ae7545b573-61365e1-b58725a54,I0-76a-551-f8b8b7a2f1-f4--5214f19a10
32,5,11,If189fa0095998f0fe8-ad0fd-09bb715afe,I46b3494b679e2c--47a7684c89666--0552,I5-8b288-774225b855-c3-58-a3b0479ceb,Idaa1f-a34-d24ad16e5e1a292ab81a3f3c6
33,14,6,I4ee88d-0e04-aa86ed80d99aeb-fb-6de7e,I2cb-9ba4c87230b44aed9--55-b2b-494b6,I2d3-b375fd3-5f-47-21-1cc7d32d797caf,I31d1884-c2be3a-3f2-22fb333151ed6418
34,14,5,I80d00ee6fd00a84-d9e1aae5a48f804bdbf,I0288131099f1e19290224e8213201200383,I54f215359-4b5-54d275c7335a-9b5f1b37,If633184-46f66-e-3d3d66a29c63f62495-
35,14,6,I154-4d06e04-6b88-db-0-8-080-ab709b0,Iccaa543c84c-2d3bc8a5403a74c4a71a4-c,I573314c2aa-bc359f243b309df--a7322a2,Ib1064bce35-1db011b7243f103b47145114
36,14,9,Id5a005ff8bdf88a60db08d8ee6b9b59a9e4,I04a94f99-d6fa8d-7af7776-78774908d74,Iafc3f21f59-f4b21c37a97f35f553745c-3,I3c8a067d206d-aa-a00eaa65c6056e-8a57
37,14,15,Iedeb85609e-a9dad9f0a404-897-8880e40,I-83a783--a343-c-ee7efb5c11ea646-67-,Id5c3974df9d52355-9-c-5-5f137357a572,If-1-2a0-ffba1f2--187af79a7-4b8240b1
38,13,14,Ib-04f1fd0b7-aabb0fd8d7d-48eaa-6-48d,I7c51e54db5b5be22255a57e---ed5e570-5,I1-5e-e00226cec123eec-ac-c-ce1a1e1e8,I04cce246-3-18fa44-2ad33c6f4c8d484d0
39,13,10,Ib9-de-b011b-4d-6f0ed--9ae00de988d4b,I-28f28bb154e19--eb7--52d72d146fdbb6,Ib251-81e6d3122d33b1c5c5-335111-43bc,Ib1-4775441234-4d31d4d-dd16b61b42aa-
40,13,13,Idb-09e8dd4-0ebeb8-86d4d7450-d088-0b,Ie4db91194--9991d26954bd5ed6e51fd-99,I2cd2c-6ed1114ddb03c83123e2-0e3c1fa4,Iac-554d-7a5-4513-aa5ca37a57d55cc563
41,13,3,Ibe6-b50b8b4-8e-4e-40d86bbd-69950d80,Iccb9-bc45af6da94b4-242d46dc22da662b,I4-e243-c-2311-32332e834131-e-31c11c,Ib110be6fbb94bb1bb4b095-583f4f31ff14
42,13,11,I099890bb9bb9900db8ffb-eb986feb78aab,I26e2c4525c04-46d8-ef049f-4d626dffae,I-2a336eb-213146---c412-2-23a4181161,I27-2-0-84f7f4aa79b44fa16ff97172-48d
43,13,11,Ifab-40bd91-5b888fb6ab9f0-90-f6046-5,I5c-c1--4861c15e915165a97691b447c46e,I2eea33d2356c36e32cc3822e1ee-31bc42c,I9fab2f64fc2243a32fffaa42fa--a44a41f
44,6,4,I6fb0a8feffd94b9dd6-bb059a8-41a40660,Ifbbc-a3-73b2f02b36900c-9573---3--35,I3b5656bd243fe5d1-d0e56b1-faa-ce426a,Ie63fe6add38c5a-3c2364-ca6fe36-f2ea3
45,6,12,I-a9db90bbda-5abeae6-b4b01ebfd08e4e9,I79d49ba-49944a3-d3e666af999-b3-973-,Ibd5456bb0f1b5a4b4efbd154f40f5-c56a1,I764683345844c--a5ea--4737eda65c--58
46,6,8,I4ddb4f0f558e0f9bb89-086ddaa98e85bee,I4401-5da-b8ea4d220cee3-a420d0d3043-,Id-14016200561d4c6-b210654c67d64e441,Ibef1bec3b5ff-4895ebf0f838e-be3fe54f
47,6,11,I-4a5beb68f86-b8f9eeef0b0b8fbeb0b--e,I0f3b84ec6845e68--f63e-8-bf19f033-13,Iba705f-74bd1b461352-63127c61c36e1-1,Ib0447b72171f1f18aaf-b8774a1767d4814
48,6,7,I9a6956ad-a-eea8d-06ee9af4db6ea45a68,I61f-7ffbcef4-5fcc4-bfbe-1ff77ff5388,I777-1b-1e-44b-273a5471--6a4be452b--,I0f13a5-4a2af-a6-4f626a-49-ff2d4-bda
49,7,15,I96d0e8bee-a-b9def8e10a688dfb0d478f6,I8e0045-0fa-5f1f35f5e1535facabe-a7a-,Ide86-c8248426f-38e-8e1e3-8-f4222215,Iaca-3d36a38173-d540ea5d7a2c46370a06
50,7,7,I-9d00-865e90-e0d0e7bdd1eee0-85a4-eb,Ib5c551db7dc15bb21e25-2e1-25dbb63-51,I6f9811ef9-f9d6fa4-348235654466a-4e4,I383b818-903-e1e3bf56838f5-09-e948e4
51,7,7,Idd80e0e1-0000ba8-e1405a6ef0-80--f-a,I7cfc2e5-cdd-1--f2ddd1f56dbe5-2d4f8a,I63a664568-8816ff4ea283a-ed288d-98ae,I92bd58b971a-a1-81a7f2b2171f007672ba
52,15,15,Ida0a-5adfbb0faa89ea8e6e49bab848eebb,I6033b54a8bbaa-8f1440b0-3-ba8bf-3588,I3-0a2034d4a7-0-73c-7d0-5a535a665a0-,I6707bdd48aba7920a484ff757f06f7b-2b7
53,16,14,Ibee4e458d99a0-61-f-a-4101bdeb8066f4,Ic1df6c55c5f-2dcf-8b4-ec66-afec-e-cc,I1-33033a0----a58f40e3-cf9e9f9211-33,I11fc9cc950945f0b465247-541-95-0102c
54,16,11,Idf-9e-0919b080-96bbedefb7e-06b0880d,I4141ab0-6-8e8-6e11af4-8320660-801b-,I4fc5a8f-05-2f9a33fae-053c2-0fac0-0a,I986762a637-b---3463cc7-02a-3722ac7-
55,16,7,Id87e-a8--6b8b1d08b8e8de75eed9699-8d,Idf42-030f0f3434b28-a1209eee-72240ea,I3-c03f400a-08-0c2534ee00e1a79f130-c,I--dddadc92442--447786--df3a25882b95
56,9,14,I-d46b0b8fb98--e4540d-a099e07-8--e8-,I5d419448d50a22444328b-4b648693fd014,I47e7702c5a-221a0755a42c2-9e57a1b5--,I8ef3c0-01c-2-194-44--f2f0ca5a-33309
57,12,10,Ia40-8bf-bd47e-e959-be6ed6-b0b4d904a,Id1d-9cf-b-435f5-53-63-26baad2-5215-,I814c5-803f5b0-5-5-8ec010f-e-5-b5b4e,I-fbbd0a7f7aa-8b8b17f9bab17820--272a
58,12,10,Ia--df08-91b0ede878-b5bb95-0ddef50ff,I6f918-720d961696df198-89-1-89f9b199,Ib00484-8-be9-f48358b3-4f0fe5f8b3f88,Icfc--8f-6f43ec-36f-3-21fea5441a-3aa
59,10,10,If60fdaebef70fe-0fd9f-a-b08818fa8ebb,Iac-0c--c76ee91a70caa09eac01d44cca00,Ibadd-1072-79b4d7f-b05457521991da-4b,I32-8fafd2fa6ea9f3ff06-fe-e3efba4e-a
