edgeID,from,to,networkCanvasEgoUUID,networkCanvasUUID,networkCanvasSourceUUID,networkCanvasTargetUUID
1,1,4,I9b471b16aa36-981849fff19fe1e1-64ead,I9c7aa113c9c993cc-b0b6793a2cac7693e9,I65259d-e77cf64d9-4df76d46-9-c74-25b,Iea40-9-0ea44e40a-177-882ab801ab32a8
2,1,5,I-b7d6348f-79bf199719e86416477493ad3,I-4ab-f3-ab-445a-e67-68f49316b-9b969,I755668d-421e-2fd5271d274ec-62-4dd69,Idca32-5c9-cddf37abcda33-a1caa83-d4-
3,1,9,Id798-7d-f19b-e1f1d81436-71dab83fb-1,I83434dd32d234b4d3df828344d949359--8,I77686675-57-661241e4-72db29c-fd57c7,I8b8914-b19a--15a112f4e2eb74db-a959b
4,1,10,I494141f1e15b9d149711f71e1-91-6417e1,I00e0b4fd--b5ef7457fe50da5a95b7-0545,I9c-1-d2cd944c649cdc7474424-c--0d-27,I19911--cf010d13f091c4f9b-41fb9-b1-d
5,1,4,I-f49511744348f-31-51797a97347-f99ef,Ib-de8dd9d4-fa054a--cc-6b779673a7d86,Id4f26d2-2--96274557-9-c22199-692620,I004d4264607050b0--f8504640bb77246d4
6,1,14,I47dbd-74-a19-931b973-d41541f4181511,I4e3dbb21e25edcced13cd1f0ce3e343dfd8,I-6667406772d6b-d262269-668--484dd27,I7cc44c9488c-cdb4a-ed6c4--fcceb24e44
7,1,11,Ib4-d197f13b711b3-14d-b4b7ffe56444a-,Iea9fe3aafc4de4ecf18-fa98aafc8c9c9ae,I992999d4-249192eef6-c4c24e6dede-6cb,Ia00f5f77a45687ffae1492f1-7f4-1080a4
8,1,14,I-144fb1f7951fd14171f17-17-99931f3f3,I-0fe3b0a606fa800ae6-fc6de76637e7b7-,I2be868772929669ddd1-d4c77c2b2-fd024,I0e4ab673e8b58-b60db69-e44-bec64-b9b
9,1,11,I47a5dba3ff9f49151-4a143-f78-b17b4da,I1e5941ac-a58e7492c78c5874c-25878884,I42bd49650f---54d7cec7-cbe-0228-b24-,I7b7806ee148-718196b-1bcd8d26b78fc74
10,1,8,If676a74d91f143-4b-ddb133997dd7fb339,I5858445--8-195e848e118f14885ef0bf-c,Id6dd2c25--dc27161d7-644-09-c2-8-505,I4-2976a2-3f63a17-c9-35-f91712-62-f7
11,1,4,I4f741-7ef141def8--88-4b187551a6-ffa,If4-3-29d74-c577077505-fcdfcf0e7ff55,Iecc9c6297e1-61720e499edf8766fc619-2,I04-4-ca4b6e294-40babb--68bb29-8b06b
12,1,8,Iff44dd-4f46f4d--5f6144f8543914ab8ff,I0a08310979977832a37--2a52d2a2a369ba,I142e8190-67f4fce-fc742de9e79-67-c-2,Icc594780465-4e164ab8e505891ff105cec
13,1,10,I9dd-4af171ff41ba1-1-fff7131-8-194b7,I0-9cb-f9554b7dfb-5a7-f79cd-c7fa944e,I9d6-d-46d1c8d-966c12-84d672659d479-,I98-ccc-cf9f0b70-9-09d0-00b0fd-a6-0c
14,1,8,Ib11b74d-3451afa1fdbf179bf18b-f4aa1f,I2-6bbd36b-5b0-da505-34f76ab32037743,I64d456526e19c26e7e5f285d66c-1d-6-d4,I-e606dd31e30-7293372--e5ee-387a8967
15,2,9,I791ba9f71314-7e1-3911a47af38141bd13,Id0c-60c-c45-8cd9-5f-cc-c4cfc97d6-0f,I12c0cc744-c7c443cc4a4--ccaecc87-b10,I7-77e-04550-3--a7e21e-3c49a4af0ea51
16,2,11,Id44f51434f78f45d3f1b11ffdd8974351a4,Idbd5fef8aeb8e76582c818a27778d4fb2dd,I18d25d-99cf7c-b6a9-e5-ce40c66eab8b-,Ib6-99044be--0966e88abb3a4e64b60--9e
17,2,4,I4d94d1851-768ef96bf13-514978-4b45d9,I2b5dea15eed58ab810511fe-3f581f80f--,If1-a6cecc-91b7a4-a-acedec1-c8a0-4ca,Iddbc667b800d7d0b07-d4846-4d60c6626-
18,2,8,I119--871af3477711-98d59a174a11f17fd,I2a-e9-fa48-aa2-6a16eaf6e4aa9-922e6a,I46acbcec-8-93be740ad59446ec52644cf4,I5afffb00ce-c9f0bd86dbdaa13aaaea-4--
19,2,12,I4e7-7531-d1a8f387717f7-f1e81-f16-fa,I-9cc74b1f-a09041c901cb474-1-1aca-cd,I38-abd8c0f0e4d-dc2fb4cccc-4bb0c-fa7,I97-2a9b4da2-8ab9-42321a5a49-3-b178a
20,2,11,Id99fb1f793ea1dab416f461d9819d13-111,I962fba43c1-31-b16c92e663e32c2-92ff3,Ic4c04fccba8ecd4e-75749a-dca054c5beb,I9-0a019-59d-9c1-dd30975813eab-415e8
21,2,14,I311a41111-4-9-11d774-1146-d811a6f7-,I4-a89-d97db8774fd7f7f0ed4b1-5d8f937,I46-ad2cbb-40c4ccec-e78ac26c4--a40c0,I787217-31--a768648b1e1eac1fde73788b
22,2,4,If49741-81df9fa4af1-4777f1ff9fb3-444,I68666b353e3b5ea07ce-ec-3c4cd048abb0,I3c0acc0c85170b4e41-ed5bbfc4a-44b43-,I4e0022-eae29d033ee20eed0e29d3299423
23,2,15,I1443ff1716-a-1bf-4f8644b1f3daa39-9e,I8-64d87-6-64574b75--5c-6-49446-746-,I9cdcbccac-7bcc-bc9cbbcc54c694a9-4bb,I0b7-8-7e-807a--b9a28a408a0-488ee207
24,3,6,I41-4dfd4a4f--df-bff-7b-a9-1b-174f17,I79036d5886a789796b78aa77a-a89-56706,I7a477-48db973c66647fe56cc1fd6-cf75-,Ibbe85e44b04410f954b5ef4a57-9-bffbd6
25,3,9,I7-3e499d1-83b7a44fa1aa3--947943e8f4,Iaf8-68c0-d6d68de9c-de-de380-83fe606,I3-84474bf77bab---0a751c8-1c0c58a5c1,I3943c34cb30-2--a93e999d-eabdd7-2151
26,3,10,I-f1ff-3111761-bb1741-7111b397a5ffad,I743a-3a43d02e914c-3-1a33e-300ae4c33,I88728c6b80e3ec8476cb40c7b7188761615,I72-4df00288d00d0cd0-54667d-6d0d4464
27,3,10,I19d4-41-7683117---318ea978a-eaa4f71,I5be7bed8430c744d697-ce86-eccb945554,I49b121ac6b7687-7603c788881-17c3-6b8,Ie5efea94a291a981a7-73-821a7e9-839e5
28,3,4,I1757--1481d391944714911177196417aa-,I895-983-cc-3493b4-834937347781-84c9,I-01-84-1bb7687-11f8cac1ca6-81-657bb,I00e1a000-a0b4a80-449e81708-b8aae47-
29,3,11,I-bf-41911a8f619119-1f4ae-a79---fd7d,I0-a8dd9cc94abb916a4bda8bd18-d4-ecd8,I26-675c72-b3993771bf-7b885a6-8688c6,I-e95f7197445a8-1cc24-8a-f95a77191aa
30,3,4,If6b31bf9f7-147a37f13-94-88-b99b4fff,I777d55c876ab7d9227079-00bc97dedc4d5,I2881-c916-d-2b-e1a719528308-6-b6-8d,Iebfe4a6c6-98f48606-ce96e549496e-dec
31,3,4,If3439414e--9b719fb4efa4e-1d7118-49a,I455ea3-93bca7c7fd4-b7b3422bfb7faeae,I84c94-96617344e77d6788-814-1d481179,I178b6-4b-049f-f85-d0-88d-20-9864cb9
32,3,7,I19469-ff-79447d499ba-f14893-6b1-3a4,I61e045fe4fff1e1239336790913232f-5ef,I455b-88b6-8f3b48-3-753c8143c-886332,I1-65a925e4b94a-4e5f1b-dbca-4cdabab4
33,3,15,I1ffa5a611f4bdfbbdb118489f41f5a34-7-,I579577e5497887537133-44e47734f497d5,Ib-e24-b67474b671b2c602-91-e678a6c92,I9c9aaf8c46-0eba920a4df-018-ae08c-96
34,3,15,Id613599a4fb38aa1754daafe43d749bb336,I-ece-4afae79e5a2a-59a1-513-ca2afd23,I24f-3b40-7-7c88-91d1-4571-84-b-627-,Ic2e222c0-49e272d102170d7802478c7263
35,13,2,I61f--f968f44bdf1-f11974f-913b14da17,I78244ff4fdf8d4-f-487-2ef-284e4f44-e,I9ce50-5fb7-a1fd0--f41ddbe0a-b6d4e8f,I0dee2457563ee-74e2-3edcd18e03045e42
36,7,11,I-41d13b4717f94eb-38d7f399be97bd999-,Iff44f6ade73a-b--b-1b27e-16aab79fd64,I404243eaae00e288000ab7140281--170b8,I54a4-f0cb1a73af3a0f583aa339c1ac9a-a
37,7,12,I15-b54786415-b-4a8def-e71f6da4-896-,Ibb-a1b-e1ea4139d4f-da3b-f5abc4-8ed1,I9-a00-4--87aae40e-8e-1e9bb4782e-741,I4d-24-6746c4c47477464b4066404c06-d0
38,7,7,If45a75414997-1-3386d4d1f94ffdfe8419,Id7-e41-37668c6-d9646de01-bee6b--988,I04b900788-e--48aeb098b08a0e88-7-aa8,Iafa19aa-282af9e2bfe4b8f25-8e5839aa-
39,7,5,I-74ef-a18d43b5ea-ed-f-7751bd4f1f496,I-5223e7bf50ddf52-752207-2-2-7d-e572,Ie09ba89ba8e80-a9e9e9-0eaaee7e24718a,I47a4084-9-89d9d7c1f5409-7d8107-17c7
40,7,16,I1bb--a-1d6d-11d-a19f1ff177d6--d-6a3,Ib574bd396-45-cd669-6eceb83696e9ce-c,Ia204231-79--80940774a-ee0487-b4800-,I7e450fff79e45a38acf6f581a4f7-74a156
41,7,15,I1f3de19ff3f976f-f61bb7e75db-4191f9d,I1-0d1-b-4608794b8091d-901d9b4-0081b,Iea09b88-04ee7008a82e2e8187e4e40047e,Ib-a904e54-0-c6448e700b-aebcee6a7965
42,7,4,I714fe4f4d9d71-1d5ff-49-e459-f993d15,I-5d4dc5-5c5deff5c-c0-afce1426ede2b5,I2a-7a8-000089a77009aa88798a4aaa2874,Ia-5f7044-9d6cc40fd34278920985-db4-9
43,7,5,I114b74-9e1146f713f14--894b7f-bf337f,I432d-d2-d2414ed5a-0c40af4da05ee4e11,I4b7034b29e0838-7baae38900-1e2489484,Ia629--97457b48d024-ba8a-c6d-5bcb827
44,7,4,I8ae5--7f46-7-fd4793b1b79f-f-74d87f4,I3544d504a3ad146644ff41-6a6a45f1-4a3,I0-4-e871b2a42209008e800470-8899-0-7,I80-00a9a79accd9beed6a-aa191de90-f-4
45,7,11,I9719711-9b64df5-494397514af9-6135f1,Ifbc3ad458e8c7aafd8befbeb7124aa331b5,Iab9478400e3a43b477a804081e7b89e-07-,I227c46376b70ce9e60e44344d90-708b202
46,14,9,I481e-f-f-19---b1f174f3911b4a-915f96,I-b--148b9005-98109cc8e5e-a-b-184cbb,Icdd-fda3cadcb4d96bd9cf64a32741cbb9-,I8bd05672f-bcb406-2-2678b867f7cdc-d0
47,14,10,I93314797d747f1f71169fd4f6314b1391f9,I218cb7a-8c-cb5eb123b----5d-b72eccca,Ib4d9d779ccae39fb1-e4f5c-71bd549157-,Ifa07777-418e3e75e711a0704e0a070-3f2
48,14,3,I1fb-4da44-9-31a1439117d7797fb-34f1d,Ifa6f4f38-fb-6fa333abb668f3c6ca-213a,I7cd13979d-cacccdb9917ae7769c--a7cd7,I9b-e0c-46030a49-8ae9-58-9ef9bc68c6e
49,14,6,Ie11afff1-b-174efb114f--4a9a1fd4f4f4,Idcd1ccb58-b62623bcc748b8cd-83a7-b44,Iabc1d61e51-ba21dd99c95c11d7c-0341ca,I4b664922-b8cc25d84-edb0bb0b70c04844
50,14,10,Ibb971b7-d-b7946373fd9fa551aefb-f-f1,Iff4-76-50c0abc-47-74a611-106afa50-5,I4515a--cb3c55-69b-7516b2a9b-a7--a85,I7c-91cf677a8ab21faee-c-7ec8-e90819f
51,14,8,I8d9999a16df94977-f4a3e518-114-fdf1f,I573b800c52aa-a-cf19a9089e499c362-9c,Ia4717acc-36acc30dddfcc40ddad21ac-a5,Ie08d22-3-d10324ed82-3475717-3d7753e
52,15,13,I446a13a17a1-3491718f1d46db67aa-48a1,I1ed3febd06d-f0c3dd34f3f258d4-f30f42,I-b-6--08424dd672d60-86c50077c5cd507,I9f19f7534e777e0-8--ff576a-4ffaf89-2
53,15,8,I4a916a7e1f119d5-1-97-f-9a71b3419a-1,I-43210d4d52ec40201b055551-42e121cec,I76866d7-7b86445456b8402b46644-48000,Ieef048-6609f7---8f060eed607ae0cdcec
54,15,5,I34d9-91899-aff41111f7f4-d14-7147114,I9ca95-cd9-82-e67ac665a-86f385337937,I72-2d8d550608-0df74-56c55470670d0b2,Ibd-b-df1d-2565-db454b0880-4947c9524
55,15,14,I6fe4aa--9a97971f93f-d1771f89-fd71-6,I7c0c-90-d6918cca48-b8-0-30682-81c64,I47b-c26d728d8-06cfd6cd-746628c6c00b,I5c-65cbac1ec7de061b-9bc-c01fea-6-e-
56,15,9,Id1d1793189b-df414bb947911f-9d19bb91,I4904d08299-cc7ce87-0-07d3-07820751-,Ifb8668c0d4-45b647d402b8--d4-5865b0-,Ia14-9d7d-0e3d8eee-12-bb4ed49955099c
57,5,15,I-f4a9f819f5-f91-f94381f4f171898e614,I6a83e4-8343069b44936e-46614c6ac13-3,I5f9e-2bae88-84-219e9b-2aaa4b42a2b88,Ife1-4dc1b71d4134-8d12f7c51c338011-4
58,5,10,I--65776-a7f-1b343bf8a9194-e6d6-1--9,I31f960-552ae63-866953-0-8fa5396e5-e,I-98782-57312ed9444b733d9589189f2a-b,I41f8fe408e18ef8ef48f-a-3-f18-c97f21
59,5,4,Ib--1d11bd-9441b971d4831f6a18e-5f8f5,I187-7675a46-240556ae18a17aa1f8aff08,I22a-229f4a----a14a9a7921faae9bee529,I6bd-b-bf06c7b4--b9fdd6cc6-34deee-e-
60,5,6,I7b31ffb4b--711541f7541f119fdd441f11,I-dd--8d9--053886a841de15884de88-d8e,I2-9ad2a427-45b5-e-a2e187eb-1aaabbb9,I--294a23c7727-32e-5-90--877-73-07e8
61,5,4,I1d41194141-1144e7-41be75916ff5bb413,I7f0-70cc2b0c0-7c-f-b62a8f46fa8abccf,I924adb-a-79aadf-b8222822f73bb77a1aa,I-7ba69b94---9bab0ee22f88-1afcc1a85-
62,5,3,I1daf8f1876319da1-5711a4137964913d4a,I6b364daff0-61130e34bd86481fee0-66dd,I4a4d359db298-e9a4ed988da2b22192df99,I4246d21b40b7e41bdca8b2dd40abd12bcd-
63,5,8,I817----4-4--a97-fae31bfff9-d1-4f7a4,I6bbbc-e2349cd4eaaeaab99dcb34a5139b9,I-8d45a7a47474285292a4a42-a-98-7-9af,I799d13193432bf91b-289aac26-b7b75ff1
64,9,13,I-4fa753-474ff11fe18b1181115d5-791ef,I7483-b-7-b70-649583ab7--b4-b73138-5,Ia-f78-6ce8248af1-0e57aff45f9-7ac2c8,I-8b6464--e66b-dee6b86ee4064eb83e6ee
65,9,10,I--f7d39117be979-34-74-3baf14f93979-,Ie-7-bbb05e22f52b52458d1202b52-8a86-,I-74-88c1a0--c084a0a1ae8cfe770a70244,Ie0d4e9253e5785339-236e727e17e16ed29
66,12,9,I--b4-bfd-9a9844ae54a4f-df474176a81-,I6fe9b91ec6b8f0059f651ae-909-6ae83a-,I91b59--7967b-d42f49221103b32d2fb6a3,I277ab2ab-ba1fc5-708bbd-222-225-5b-7
67,12,9,Ia-dd14f-17f-8f3f-a714ab138a57e-f1a-,Ib32e-3e34f42424d6d144a5b5c2d-acccd9,I1725f191f3ad---b98220af9fd-b99bf31b,If2b98109ffe0--bb006b1a0a6e867da9ecc
68,12,8,I5b44-93a71f-1a1e9a-a5994f133a-a49b3,I-0d7a-0af48eb2f-96d274aed4f4-276-6-,Ia9cc-9--6f57730369cc3ca139b--d32299,I5759724e3c47745e9d90e2e381095473a4d
69,11,7,I-eff4f93ffada-fe34f36989afd7119111-,Ia00f99061997a667a60146166-d17cb-9b6,Iaca574202a46844b4b4-828c44-4bfb-b5d,Ica8f598-f8cac9-98c99e290a-1aaf9a19-
70,11,12,Id93784e1fe115fab19ef651a9-9b4139aff,I-00c7da4017d4a3-0--5cc71b0ad0e107-a,Ia204--e644a70b4dd85ba--54d7-65-d5f4,Iee-709e94-0d0624d829--e26e83bee72e3
71,10,12,I--61--1f-74d-e184377-16-fa4e841b19-,Ic97e-0df-4a1c-d7ed34c71defd4a1-d437,Ie19cabbb-b-9a4a190daec-cb8e0cac6989,I5b772b-e-e923-272e3782ad-c82075-e40
