edgeID,from,to,networkCanvasEgoUUID,networkCanvasUUID,networkCanvasSourceUUID,networkCanvasTargetUUID
1,1,5,Iff0fb0ef-5f1350f359-40f-638708f44f1,Ib6244b77422e42-728bacbcf44-81a34b2b,I--aa-f6526f9aa9-9--57fbfaa6-5-bf935,I-8a4c5fa43c38--3aa5c3-d1e-83cdeef5a
2,1,7,I020fdecd--d9d1d-1df-ef741ff012f34-f,I6d04526c15bfef4be44a9b6a949b171f163,I-e59a2af-aebb4a7b692b7-a2a2fa5-ba9-,I74--7b3-34404011-c051fc3115d2113590
3,1,9,Idd-4--2db--2f22ff-24fff018d407f5d64,Ifa3-849a73ff1a9f43abe978abd8-9499a9,I6942396a559b5b3f-28b5b2ccf7-f4f94c7,Ia99f-854-f-e--69d8d3484cfe6-5ecfe94
4,1,8,If-960691cf72f5ffb--d8e9cf6c9c462224,I4a183ad2-2d2-436dff0fac3c-a9a1-a15-,Icad-7b7597c9e9669525eeb3aa3-2fb66bf,Ib6b9dc26c5a32f2-cea244d763124b29455
5,1,10,Idf82f44-2fcf834e4f-fe88f1-8fbfd93fd,I71af514-c41001741424e6-2-642-1f1-1b,I9-f2a94a427285b9af---a836fdbb-f7c-a,I4-58929b0c-5187ff6138-21704-207ff50
6,1,9,If9fb4f752f1404801d7f0f68-9c88688713,I46747-0b55447864fa06-9--d-7e2af-706,If9-72f-ba7339f2a--3b96375a6-bf8-a5-,If5335ec645a-6a336ad3a-61617b67-5d1f
7,1,5,Ic3f1ff6d0fc----4-4--13c-61f18f6440-,Ia5495d4250-745-a43d54b629d-5ac5-64d,I2-9-9aa-dfbbbe95bd3-7369ac655caf96b,Ia197d77-d8a31a122c-485dc22cdf82--a4
8,1,13,I2-f4c1f--f56191-f1865ef6f80bf40f249,Ib4-f986a31-5d8-b4d944e-2c56e33af-b3,Ifbb3b-95349c955a-b6f4fbd-fbb492d5cb,Ia31137-820e0-a96284-4f-a190e9-a663f
9,1,9,I9-d32ff4--fdf122fcbf0c0-74-c4-7b662,I9a--f7e6-e2549cb4e8554e5-3e118c-2-a,I-e6-f-9-53a-a-fe25b9a-5abf3f-943b69,Ie436331f-61234-f16048dbe1e3266d9f1b
10,1,2,I421312-3--f8-fff-36004c6f94185-f58c,I51-518cb5c1e5aae4-42-b747d-51375814,I952665-b78349ea9bc3bbfec6daf29aae7b,Iecae2-403ed-6cfa27----2f42a4ba68ad2
11,1,15,I2dd108-21-ff2cf-2c6-0616-61ff1fe101,I23ae9-589-afc-f-19293ae872ec0-aac0e,I3a-e-2fab6a5e2aad-9aadd7aad3b--a93a,I9caa274-3-94777a7f-4272-2-10aedf2c-
12,1,9,Idf-621-09fcf-376c8f-f68f36-69028581,I5-f54d45-21b182-a8435dd28-88-7d852b,Iaca-5b57bc7667-ffe9a2-5f3f-a6-a8b92,I01b11559a7014b-1-550946-13999259ead
13,1,14,I6-6f0f78-ff68437646f1-ff74f7d0001ff,I0f99861-30f9-2f-94820e9d6-184f6779e,If8bbcf-b9b-3f2aa2-fbfa3b-b-bea7a9b-,I573e921a3a46beb6669e-0b231696661506
14,3,2,Ife2e2f-7d27c0ff44fef961f20f5d9460-3,I67d37f328308f714888f40f5645783-56fd,I5ce-a8c2ada81d85-5-78a8eaeaae7aad88,I05f60581-46f595c45000f457832f9ff-c-
15,3,7,I8f12656f--d8--ff-c4d-fe0c1c1-fd-f64,I70c-c052a40d929c727e880b2a5274ac7ab,I8d665d3185-a7a5dede93a-398d1a99d5-4,I7-0-e25fd-9be-571ea42bc7-e061d1ca2c
16,3,5,I0f4f80-1f4d5f788d14f1ddd-bf1f018964,I00286844-b--64be2a00-296a266bd04-3-,I7c9-dae3945e4d5dac589368-eee43a-39c,I-596e622-b4-6669fb--6b28fcfcd266ead
17,3,11,I4df12efb-49d-f7-11-cc69-628-2ffe073,I-4cc346d20ba4ad-bc-cc0f60582----06-,Ie39e19aead-c38daa-acd39895-9e5c88d5,I83f99b99ce8fa--0c94e-94454a55bc9737
18,3,13,Ib-0b828bbf306ff0ffff698f0fd1f1f66f4,Ic96d27a78d1849de-95-1826e9d551ce86a,I--a3efe38fca8dc55ecec1a84c-8aea7d94,I6433d9f22323f696f116---e922831f130-
19,3,10,I40f0--2d9ec90ff1--dfc524f65c1ef8184,Ib3-9f7197073900e7-b969025000e75b99-,I-351a8--3232758ad-ead2-af7271f8e4fd,Iafe6ec57c7bb-7--86f77e4edfcc2bcb2ad
20,3,13,I16-e1f117-efbed2d6-2310f3--cc-4715f,I839-341755d-89-8303954-d3-9d999f-11,I6a7-4779d74ff-46a1e89add738ce8933ac,I-9e100698a86e46408309418354-606abb-
21,2,14,I1811ebd4480dbff1dcfdd22d9f0391ff35e,Ia3bf9-4a90f56cc398dd-d-35b5d5c81941,I5-1614-20-033b4861b0c8---fcb4010-01,Ifbf-bd94e93e--7944ee3bf4598fe--d49e
22,2,14,I04edfc12f09d24506741fff0d8c-3e21551,I7589-b80429822a9b0f-3b88f98b483df9f,I040c4033003191d09ff0f07455044f0b053,I67-de82f9e6ad977-b-9b4d2924d9a-a9fe
23,2,10,Ic79d9e2f-4fd0845ffff9b449d3-fd3d602,I-cfe36f--46f33fdf5ce148c315815f13-d,I7bd3534b324013c0405d91-bdf0117000f-,Iafdb0a2c11ed-c-d2b441efb-6c4-e02b30
24,2,7,I006680-dff688ff4-ffb0c1f74cbdd2f1d-,I3118535015873-097-95-1c165ff3b-9c3a,I510-d429-f0-73-3443421-3f671c1f1c5-,Idc48eed67de5a-d4c-27fb5e782f755-ed4
25,2,11,Id1f00145fdfd00f--b-f2ff94efffe5f4bd,I68a4a88c06ac-13-5018866dc8-28-3-2aa,I0-54588f15-d34133-402201b306-34094c,I12e-5e-53efb3e-2062--3f30339e865221
26,2,15,If8f04-2ff4-4-dfcf0-92f1211822-f6f7f,Ie-a4a24842248ce8b7-ffb6ad5-8-8584-d,I-2597145190f-020d-f-14-ffc3f24390f2,Ib-952a55eea97--52490b7b10a9542ea-29
27,2,4,I2807f2284fd076432f32c0f6b72--6b9651,Ic94b6d-741ed36-e4ff6199479d46-741d6,I4-0d-2f904123-25d0b044f55fd509-733-,I82-87-27472c447991f48177--000419918
28,2,5,I1bf082ff6-d62-2bffe2fd4f-f3f-2fd6d-,I2c0ed-4-5ddc7f-d814b70-f5ccf0-d-1a4,If470312c3444-9905-760030-0-14007040,I316699e660046416000-80548-6204b--60
29,7,6,Ifd384e4df-f8ddef4-18f-d02f2-e4f1fb4,Ic3175-77292-e8e4441-54e47a458a92e17,I-bb499c-c-f85-bd95f59e9ab844fc-e3-f,Iefb8e84ddbb46cb59862259c9a984e91-3e
30,8,10,I4f6191ec865-232-f4f-92db-cf-5d-d4ff,I7bc88cbc-8a--02c--b72c44bc068d6ec20,Ib9c726eb242-cda1-2-b259-64d4-4eb4-8,I-6f8f5447eb0d4a5b4c6b-c374e7a-bce-4
31,6,4,Ib042-ff5d6dd383e0c088fcf62db1641fff,I980-98742da-2a3395a07-20-0-52aa9043,I-f-752-eb7fd9-df5a-e2e02--34600772e,If3e-cdd-b0f26b885d2-4ccadb0-c043c3f
32,12,6,I9434199-f6f1fb1fc81ff16f342136c-f6f,Ia61fc90319811b9006-d7a8cc819bc11aaa,I2cc8ebe6e8ebee284b8921c88a968864c1c,I01fb293ef-20bb0a-23b2044-92-21-324b
33,12,9,I37f47--47f-6e-492b-ff7-f91f096c629f,I6c-11cb4f1991-f0b6c126f9545c90c241b,I--69a8ebb-8c8-4--b966be1d-bb-6b388e,I6-78-a2f36-8-d3e616564-83f4af--1f7a
34,12,15,I-f11f49d-fd113bfd-74f44f1f481b314-f,Idcbfbb7db427-3-6-c0b-84bb7bd30--34-,Ie1d-9466a4aba94ec-2--4e82a93881b8cd,Ie-332d8a1128425d4a2-4a2a4279a7d45cd
35,11,3,If757-121f1f48f486d-c4-8d17f2e5186cf,I9164a-1b3-1-993bae11cae58348d06fb69,I3-4-f1b0e830f42722e23-939293-399fe1,I828dc06-a3-6a7-71516c3b-f-5ad5-5b2e
36,11,15,If-f200f9f-f12-61f6ce3f4f6494f046fc7,If-151a-bb9641416644c500ff9b6144-000,I14133420fb81483-03--b32133c41-ee602,I4-af-d2e-49d977d322a-411224f--2242-
37,4,8,Ifddfb84-8bfcfdd3d0c10f1f640-04-c444,If0bc8d-69f0b-c8c4c4d808d8d28cf1d15d,I-a0f66--1a5da66-32f1e5a6af3f2f5b631,Icdac894a9-993-42dd4-e--8aa57c-ed4c8
38,9,13,I44b11df4f-df7cf-d-2ce21bff--6d-2-cd,I-a4a4698-eb28-ecdaec5ad-29bae48c6a6,Ib4c087c-ea-7c2-c3dddace64daaad4644e,Ie96de33f31-93541bf--101116248be4211
39,9,15,I4d-f4d-d6ffd8e3fb8f6bf6f220fff77f-f,I-c49-9-f2216222fc22c2f942f2c4fc9f-1,Iaae747fdffed88f74fcb8d-b422f82434-d,I299--ef920952d5aa7fe5299b5-22a6d-e0
40,9,14,If-386924bff-3f1f-0d8457201-7c-1c1ff,I108-88a7-108e288618249b-0--580e1865,Ie44a44fb5-f-bdbdf72f770ad54b255fe0-,I477728-403888c88a2-0988c271102f4ea4
41,9,6,I4df6df456411-5080d7643f82-5-fd51f-5,Ib7e62-b3b1ce-b6d-4ed3-33ee0e33d3eba,I444-d-bc2f487d43cf8a48ff77a204d4df6,I7e6-4--9b7-62954616-ee5b-45b69ae148
42,10,8,I7bf4201dffc26c3e4fdf08860b2-fce0-15,I5f-ff83-9363ad-b92a8f9df-9982894f-f,I13b-16-0355-661232514e5b115b1614229,Id-bf5e095-2f2ca-d5e-5a5-ee49579654f
43,10,4,Ifb47f4485bd-b5f-c1-04f003-dc4fcdc3d,I644-6c724ccb928-46a9-ed8c667c64196-,Ie0341b-51e59633b831f2961d-f4613-304,Ie-4d8a7d7174a4-f1--488924e7acac4017
44,10,8,I52-d41f8f-fb38d11069ee82cf66c07632b,Id-8526313188863d-71-114fd1a4-3f51e1,I14b0f3-138502b3b5-323135199d32f331b,Ie9356b9e66b232-50ae81266662b461b609
45,14,13,Ic6-f4c7ff1f2ff58fd3ff8b60f0fc-0015b,I-c6fa5a6b1-f-6c12b115b44561a1911a1-,I--72992e7e0ece42fe-956e59a225314452,I8244cf8-a24-f-40-aa8e--2931f3ea02a-
