edgeID,from,to,networkCanvasEgoUUID,networkCanvasUUID,networkCanvasSourceUUID,networkCanvasTargetUUID
1,1,15,I--e6-b3ea-e9dc4-4-b1-a745-4ae-eb-9e,I26afb46b42b4bf3fc49-2f74a5caf--f3a6,I30e33ceea33-bf4f-0-3da4-d41---2-b27,I80873-19634651f977fd0919-f6d7bd507d
2,1,4,I453eea33a7dec-5a-1a-9c95157ae-44b-5,I4ad0077-38ab-bd6ad-8971f6df6efed75-,Ifed-8737ae347-50d7-4eaddf-dee58-e-3,Iac234fab--5b3061c2af-c5377f-537ac-f
3,1,9,Iee5e65345-1-445-ead-9e4531-597d3195,I1a8f28b48252292e8e28428db-b49172-f9,I0e045f413-123b5a677f2--b4387-d507d7,I115-1b4aee7a68c14fb-1beaa3e7487bbb5
4,1,14,Ie-e367b2e9b24eb045-c617ce9ba5a99774,I4-7b98b34969-08d8b9b499200491-f50-9,I73c--01bd3-44b-55fbd7df-e74ae02-d65,I67-5d5ffaa23c5-60f7a65c1011cf6bfb95
5,1,10,I5e0551-a43ec4967--e5351bb9471c-9-4b,Ia663c26366e672-a603-628b446b663-21-,I841547a4766b140-4--d-34065cb41c5bdf,Ibfcdb73-6d86bf-399f-c362fb16-18-8fd
6,1,10,Iea93-467d7-45a-ab7-6b315be4ce-bbbd1,I053083522463080081af55355c0005136-0,I40e-3-3e461ddd73bcf843b33fc-03c47fb,I2fd4e720-d6439477fd4-4747304de340a6
7,1,6,I1-00bb3e4b59bd595635be7d4-2e47b-b77,I2911f-d2e18e-a02219ed00e0e3e180221d,I-ab40-d5f07ad3ce3-4c504d8-77da-3c41,I52b245bd-094e0ea04033ddc0e730ae1a-c
8,1,2,I1-bb5a9973ae720a59c-b44ea5e4db14-35,Id1f4-3d8b--0c-8d4-3039-4fc0fff9df43,I-0ebe-e-e3d1feedda020354d835354d54e,I4cf8c866-c2c08e2----1--cad4586e08-5
9,1,3,I9ed-c9a-e4b--4e6-cbbe46-4-cacbaec9d,I062037072aa2d-bd2--53a5b-a2eee-ca--,Ic-d1fe67-d-74f3a44747e-7d27dc7e7a5d,I462a33ab62d-4d3e-3a4dbe6d5bda13bd-a
10,1,11,Ic4-46-a61c6e61b9-b9-445ea9d7-c16bae,I62-e-2c3e-0c6327de13035a270cac464-d,I717db-ee8500734c7-1e0dd10016-4d24--,I0b0f4fa6fcba-a8a84de4ea94-461f815ef
11,6,5,Id4e54007e144542--923a4cbe7-5cb0eeca,I63b16c0764-a3-0a731d53053874587a6-0,I-e1ee1--57bcb-711f53173e-757133f17c,If570515c7f556b016098-c5508-44-5a390
12,6,13,I0a1441-5aae5-a34475444561--46-7a-1b,I714-7133b8b3b9f79f4b3b4--ff2a01-21e,Ieeb6aae-1e7eb-17ce7b3471-1e13-e1574,I1c973c1333d4b-7c3bbbbca-0629d4d3bf-
13,6,12,I-54b19a9496e5254739cacacebc47cae-7b,Ie482-9--4040548f584900c24--ff21-94-,Iee1ce-f55ee6-16b38c174-87febba6-eeb,I-f3d-074-ea-6d4feda-a0f-7d0-44770ad
14,6,14,I05a4d-532-2de4b-a445a-9-45c6944b-4e,Iece47de9fdfa91-e-5-bb6f6d2f--8a519-,I11bee-3e517-b55131777f3fc-b1e31ecc1,I--5d9546cc05-53c6b-c154c812cf5d4858
15,6,9,Iee95c1-14453-91715d4b-14-365-cd--ae,I337a20--cb-527052-1f7842a3f95338af2,Icf1115bbeae74--678-e-c5-c7e1-1b3bee,Iae3-a4cd-5a6343adde23eed94f-d004b60
16,6,2,I54be97ece59c1-9cb4375644c-65ce4e-ba,I4-69288a6786656b---d2bd7a52e7-f8853,I-c11e11fcbecf1b4e5e5-14ebfb-b-1e338,I1fb61aafffad15a51-d6e065d0c82d-fd21
17,6,10,I706693937ca43446-1e42ae---5b7e9e657,I99b44de8fd678b44696be-79-e-63fbf65d,I7577-c17c675bc7-7fe7b577b11ef1b57ae,Iedd77f2b--ea-7b-af2e7beda2d2e4b2-4e
18,6,7,I39-547-055-3b9b-9e97350a5-6e6bb0bae,Ibbd8dcdafb6a4eb0b5396c-eb7-106bcb83,I711-77-f-5-5a4171--5abb563bf65cb557,I3730-05767-17640a8-77ca70c3b0-53-73
19,5,4,I6c4-916-cbba7791751e525-e27e-aa9b6a,Ib8622-4-ccbd5-4a5-632c2de-4332a8db1,If6f4116618f2bf1afab4681cbc4-6858567,I3491-a0d0a8-13759fb1e04640f1879035a
20,5,10,Ic6-56bae-6554ab166445415ace3ed6eaa-,I4-8048078f-43c846a84542e6-84d4fd441,Ib36bc65-ccb4acfaa88ab7-ff-85b1abf6-,I2-5-780675188-8d949c-117-550558c5-0
21,5,15,Ia0a3ae5cbb-6e24b4b4ee6514da2ab64a3-,I658dbeb0e4eabdbe06ac0bb1e00806fb-49,I2a694f7ff7-c9c1-74f9-38ccff5af9-fba,I3f3cdd72f6bccb810c-d3c3b7b7a87cbbb8
22,5,9,I-ebe35a141e47-7316bbb33b3a45d49e4e2,I9344e230-3-533d4--0e153bb3f75444cb0,I-4a8f1338f7-c9f-5467bc9fbaac58-bff-,Ied409e4ded0de3af470714--20-f6-04d71
23,5,7,I-c27-ac9-3e906e11ecc6b7e4eb9e4a9960,I4a4e-a8aa-a43fee3c0ff0eecc40abea9e8,I3a3-481-6f25fb38f2846ba6-faa3b--b2c,If1212fa81fa5f6-1-ad1fdfffec48ab21ea
24,5,2,Ibced14b6e169d-13-430-ebc454c4b529e9,I4f3e2eccb-91-7f66879f09c2bc83-18-8c,I6c-6336ab33bb36-8043ca-cf12f27f0abb,I44984eb4494e-c0446708494c74be79c4be
25,5,10,I-3b1c919e236d4e7ab44a3eee6-db-b54-e,Ibab5d2d--7d-4637--7aa75da592-0fdd6e,Icf7861b-fa1b133633-3f-52c53a-a20a56,I4-9638-3b-ebd9d4b4469bb4b689e64b64b
26,5,7,Ie246bcc-475-3499e373d3a392-49b4aeb-,I398893199--9698-b71aafa35086ba384f4,Iba-8a2f1--cff36-8b57771838-b44cfa-f,Iec-0d350-984064aa3308839d45843478ed
27,13,2,I-79a24c3a-e5a62344-abb7-70ab1-aa4a9,I-44f-016bf-9-b9599c9163cb5a946169-b,I18dd58ff98db8f9-db917a431e-3a-5fe14,Ie4978acc9c0267c84cc9bc-6078ec-7b0ac
28,13,12,I9c29416e424c4cea77acbebad-754546eab,I19ef47c57e9dc9d-d7f51-71-e3-ca6038e,I107f97-0f91901fda5018-0d78-7-a73efb,I9--348b16-cb64bd6b684989-6bd4-64-68
29,13,4,Ie6ce66394b4-9194e5-65ecce5307da-c5c,I646346a3d2-4043149-61aa7413a6e96c4-,I0a97-0-fff30884-a-841554fa563d77-31,I15e-a9038570d-8847ab8d4d0c7cc40980a
30,3,13,Ic41342a2be--ad-16b2-e660eaeb57aa4--,I801-b-5ff1389cff-8f50b4ff2-b6-f6f97,I6ee047-7--2-467331-44d7727-7744d-e1,I7734704f7f16-6cb6c8724-9fc8-8---821
31,3,4,I7--64a49e3b5-444d-74b9d4e9e9aa5be14,I52cc040c8c11453-4-9459-906fcc98d-cd,I37-f4467766-9-e-a24701d77373da30-73,I4b-567cf52-a15f5-b12705f16775f0f5f2
32,3,8,I-0eec6195e6-2ebac6-9a11dc544a-e44--,I-4abdfc95e912a554757d7bf64-c173747-,I67a--62a6e-3d0771d43f744d706777ee--,Id-5eebc3--0e03a54a-e794d09-aacca03a
33,3,10,I431-70-9b114b4a-a6--7-54a74a-46ca21,Idfa4650d33ac-303d09--0a54f3ad1-cf8-,I--30447f9d0d10d36746039d344d9-0f007,Ie8c2154f5cd186c5a0--50ff0060da-5c2-
34,3,7,I9b7bea9975-a7d92154e3b1b56b44---c3b,I8807131810-1e9-15bc11b6ef74f94f---e,I0-6323614-9-af037470613a-dae7fa-7d3,I5eb--dd344ada3a0-db6c-34-da9aa-4d30
35,3,3,I44174-ee17a595ca--4a3-5c3eabe4-2b-6,Ia15857a7-8-55772174-53e55--e5fa5-eb,I44faf1f2aef4--7a7-13f34-fd14f7--464,Iaa-18a1221ce-be8b4ae-c45e1de-ad6e-f
36,2,3,I34-b3446--bb6ee3e65e5034-9eebd52c-e,I-2ac-417-8710dc0e7-7-f48bfbe-f100b0,Iba2b6fc6f7-c27-fcaf7bc-80f7-1c7cc-4,I207538-37a11-977b1-f7804b1fb55-2c64
37,2,16,I56a3-a5155774c5b-c3aec7a-749e-6493c,Ibb447-84-8eb-9-828-e462e-4e6f2-e-ec,Idda3ff93acb3-1b8836f-63-9f1133b6-6f,I1b03355-d-6aa-34bd3a333a33c3-21aca-
38,2,7,I63a9-3b6a1373395e575ae73-66435e--2e,Ib7066e4f-3f35b80-083b1-43044-0bb034,Ibb1-f9c3-bb191b-863bc977c3b1cffb867,I6-ce-1-10e-1a9e4111f--9f-f1621aa0f9
39,4,11,Ie3533-15eeaeb545c-7-74e477b557d5-17,If28-24e7ee-fdd50-bf88bd0-e--8637f8d,I05b50657-65-3c8b2712c63d1df22730669,I044-f6a-afae5e3dfda1cfd5f1b36e63d6d
40,4,14,Id4be7ee3e71-e3b17a3-2b331-c15a-2e44,I4efc9955f10-4fceb4-8a8cb8-8--e4d--f,I32-33b-555a856f70810b58ca1b0df-79d0,I94ab--b-1e111fead61e80f2-adef1-2cf2
41,11,4,I3aa-36be423-4b4b9ac76c67-396c44-7c9,I73eee27797021e87-3--e878e--89273978,I55888d2da06f52-525ce56daacc0-ccf38-,I3d0bdd36da3f--dba-e06633c300c3-a6c4
42,11,16,I-e51660-d5d5ee5bcd-e3c64e2a9567050d,I345cbffafd542f-258cca5af3aa41f---a8,If1cead52e-c026823182c2852a0522454-c,I0b-4a736--e3a-7071a17ba00c-68c-ccb-
43,10,15,Ie544d-a9eb-e-e-4-c---bca2e-c4b-44ee,I894e81c0924-8-662910582daefb2880f16,I32f4d4eb416ac43a4b06601-b4ca6-a4ec-,I8-4171a7-d-c7778-35eb735b81e-010a53
44,8,11,I6c76-abe73b71440-1b13--43eb54ab4416,I6-b-2602878c874439b1d00bff3dffdab04,I74f1abb-fbccaeb42a3b2b10c10beb-324b,I0b7-007886c014ee0-c-0c71-04a72e5a10
45,12,15,I3aaab4bcd7-0-ec443ee9e9-36ba99-ae5c,I174449-a4cefba4a34bbb6ddd2b39eaa-df,Iee8a4eae9c92e9b-945e7500eb8a98-4e90,I-dce-b36b1eb-3-6ed3b-9ccb396838c669
46,12,9,I--e5a6c7bdbba4a79494014695a395e6eee,If3-c990ffa83fe-d42fff-3a683ece9c--1,I98e54a5-99c987e-a-9ec97ceecce4a942e,I45a4-0cbaba4a04e4cb8d-d907e-e153d89
47,14,7,I55a57ce742b7e9ee7e7ad-d3d1e00d4b93c,I4-27c-3c66-da323a34c66c77e535cd56e9,I6-b8bd6838db84e-4686e61cb-d6--e-dbd,Ib08dc3ec300a980d451e-a-afd3ad8848e-
