edgeID,from,to,networkCanvasEgoUUID,networkCanvasUUID,networkCanvasSourceUUID,networkCanvasTargetUUID
1,1,10,I8752852f13402-82795a0-a286-1c52e441,Idf48-b4-ebe3bf1ad-01beaa54ea5e-b--8,I588-1f4-08a45f7024aa9-d478f8f3243-c,I-903d6476db4b1bb4bbbb-bb2444e0-19b5
2,1,3,I54e108--828-e0082fffccff983488f80f-,I8f-c0-b-bbfca5b35-5c8c35b--f11f48fc,I3b21d7f014308e--30a0-1-836434bb-ca0,I6ffc-8-f0e82078-2b01127cfbcbd0bc1c0
3,1,7,Iee11f8f-fc0fe-2f8ff250a417-0e--4fc7,I9-e5abeb1ea-4ee8095-ebbdfb18ae98bd-,Ie3-d54ccb44-46f04-068b-e4498844cffa,Ica7-0e2658-011c2cfa92730-81-8ee6-e6
4,1,13,If--430f58880-88738f80-7712--4-efaf8,I7efb95ef2fa30c003-91e03-cf99c721037,I0cc8c-cb4-350bacb31ec23b44281-8d8-c,I6a1aae1a-988a4e784a1-aa-7-af8449f98
5,1,11,If34858563--46fe6947c-56--8036ea-0c2,Iccfe6-4de8-2284c0f1093285-f2-40c1c6,I764cdde4c6dcf334830-18f-34c82b9-04f,Ifbc8bccebe0b69bd8c-7-4ebcb847-c0be-
6,1,13,I38700a647fe57--572---f844a9f4-1--e7,I72b00f5700b064-01f8aaefa357174802a-,I8f8bcf-8c4-c--67444314b302f-b44184e,I-34aa36-30-48d67f7f01479a40030adf5a
7,1,10,I8038008af485-fa55--a85995-5-4-72ae8,Id4-cd6f7b4-faec-1a-6-e-ccb-bdc6a5be,Iaee0fcd608d0-49f2cb8a-e-00609-e844d,I057-0c41650bd4c40f25c48574201212d8c
8,1,12,I-609a-f908f3a7f5f9f7407f00-7508c045,If489f159031da48f8f8d3acc8ae0fededb9,I074ab22fec-46f4-834-db44-492c-d-fbf,I5f5fa09-a5-64a55d6f535f540fc1c644-6
9,1,15,I14e0-ff85-5f4f938e77881f445887f4838,I9104de280-487098714424-4a7-3b3a44a7,I313462-4-d58-35334e1-8d094b2-87fa-c,I9b595015-6168d6584ea49bafe4c-5dd4dd
10,1,16,I9ec408ef42f843af032257188-ee81-c-85,I-844448d44-315cdb2dc4c-d6311-2-4688,I286-9e7272e8e4b84-c4678434-26849dc0,I339bd3cd48584dd690db9fc0d-3a8dba33c
11,1,6,If8-8e84173fa65--6084834f77a-e091579,Ic-b8-b722a-db-b989b--c9875c8ce1bdaa,Id701678bf8e534660c3d-7cc7fc124d8423,I49c-4b-4-4f9adc47---0c645addb4fc4a4
12,1,13,I765-58e23026081-9f6a8512ea8ef-5466f,Id-532ebb4-7ba3ba-d1b4234bc-75ed-7ad,Ic8-d41-4-4ce3e-70-cb-c8b22dc-ecce-8,I1f67e1f146c02129a-d99d-1d2162-2d00-
13,1,10,Ia0a2ae70-72ff4888f88f-e8-749-f485c2,I41-e913d34-d5-47-82cd1eec-1a891cd23,I3db4-4810ce3adf006cb-7c-b-70348b04b,I28-f5e95ac8d-9544794-d9-4b998b8948-
14,1,10,I-6738a11800-0f24998c36548058e8-2ae5,I448377b4bb347d77fceb-bb4c0efce828bc,I0-6e--08d224788ce44440c167b55b0466c,I25-b41f-7810a-e5b563f808-0bd4e5c545
15,3,9,I8f88a5c7fc-af572e51211388-498f8-48f,I92-4dfde4-3fa3ab2d99ebd-0d-bbe4b-31,Iebbbe-ab5b44be-adbfa-49be9904f--03e,I26b6e142f310122b-2-fa-b72b--4b90b1-
16,3,11,Iaf-82-c522e856-5f757f2e1f4a95fc4831,I4060b0d40ec4acaed-aaa150b-b06be1d61,Id78bf2ed--7-05--74f3-b1f-bfa4e42-a3,I-9c61546e-4ae92fc-cf4-aee598eeca8-c
17,3,12,I68-f88281f6-44fc6571827884f081af199,Iec8ac0aa8c-6ca9e96-ab9fa51e5f36b9cf,I9633b0061095b41-bbf-b6b-13741fbed27,I844f6fb4afa-5944f1b19--41aa9617a--f
18,3,4,I0-5a8976-f77e771aef8778f84f09882f5a,Ifc44a6aaafcca088f2-cf20c2323bfa3cb9,I8-2-7e01762ae4f641f9bb434-d90a-d570,I8ee-409fc-49e1dd6de4ecdeefd2edc6f4c
19,3,9,I0c6f433cf2-28-0f1f971556a802-45f9a8,Ifb60cb34cc2-00ba1acb30104b0d63d--1-,I462b17b6778-90904ae740a34-4132be00d,If7900777a8347154f290a55406883f64ab8
20,3,15,I8c825e041fa-af8cce648487e318c2af85-,I569a677-7-555f0-4515555a6b647aa7677,I434--443bb793-a062606a54b6b3-4b0833,I5d654c04c-4e-44--bc444c6d11547b-5fd
21,3,9,Ifa0e04-aff365e5f8-8a0574f-efa1f2a82,Id14fe411-1-bf1111001187011bc2400184,I5b99001486b--50aa09b4ee9616-192b0a7,I---427659-39908c--f53c5588541-5cff9
22,3,15,I48-8f50e5f-5810f-32f0728805f0a88e75,Ie37a-e55aaa-e2b23e8b34e23a-2566-e85,I4f4b-b3a4863bdb8ebe57b74ee954041943,Ie61-e9448151febeb671eda70bcb6416fff
23,3,14,I-38fa0f-5f-19335838483f27f35a8-4828,I18ecded-e1ed06b-cd4129cece-fd--c-9e,I4170b0ea004--b6460745d-4f34d-bb4f49,I-e4e68bd4df-e5d8-d5-8d-454a3e-a22cd
24,3,7,I7af8ff80745af21f5-42f-7-427050-2788,I15f-1f49b82e11d5513e35b5b19d47b293b,I44e74b-69991a3ab-4de14b44b9b50be-bb,I7-d-dde-9c4d-7dbd9d7-7dd84e-7c-f4e-
25,3,10,Ic2f-440f8-0f95858f073765fcf271e146-,Icf3f4dfd873c-72-e-c-32c21df2f2c7b4a,I4-8-77-4ba46b934194-370f260-21b181b,I98fe01e3332e7664346e43141-e34054029
26,2,9,I5858848e05-e8f7f8-755835ff9-5f14620,Ic-21-18121333-280ff11c971-1893cb191,I-6-604722304--929a32d2-bc0-10b0-a27,I-7e449-404af-64a459a48a479-aaa87451
27,2,6,I1-4f1f2651a882f50af3208889708-1682a,Idf2-4d--31db7dcdb50dd7ff08dc711-c3c,I20da7db288-0d14818261-b-2d22aa7-af6,Ib4bbb8bb8b-e6-ebeebee0eec46ce98be-c
28,2,12,I4f8-5-48e57f581c19af88-a28064388578,I0435ffd3a6c--e151e1-e9b6298-d--22-6,I0620-cb8-2ecc80-23-ad203108bc68bfb8,I-7a4-dd9-607f9b3d89-24--d5da2064944
29,2,7,I09f88388a4-f5f98a59a52-544f95e7-8-1,I65-08e-cf47b-4010-2414d1-c0c4f9f60a,Ibb-2-318000bb206bf8-4020e2c0f00f-e1,I5d15-d45-6444614c2cd47844bfd54f45ec
30,2,8,I-47ea8a47f-f758-9a4255c-0844f2f-a80,I--d3fb-0fd9e4e9fb-c1bb01-25d83123da,I-0-a120e24c3fb9bfe202b-ca920fd204--,I029774-c9534f-449-9645f5fc183204972
31,2,9,I-f8240c2598f8a237744c6f--148284-13f,If79947b027e97-49562-4-3765462957775,I02acc0d202b-1321e21009f40-f0-ad2402,Ib605be-4616f-9-5465df5bcc678b8e4f-4
32,2,10,I7-5f7a92-e08af4a6-89-f4a9ff8-f0-f30,I5c911a4ff4f3c54a-508-30cc-ac5-4a5b0,Ief22f0aa821c203d08a-f-1f-bdab31aa10,I2125382c4-3531663d98a6a1c35d65ead49
33,2,5,I98172cf404ae-a-86e8--a54f-ac8f-f0fe,I823ed8-6-b6c6-d922cf2a922f5a80d-080,Ia22cafbb9e22e0e037bddb44b1120b102d6,Icfdd1d9e0b9-6b-604bbcb7c1d9bb-fd4d-
34,2,14,If78e775-f45f-8c1-3f188818e00a815899,I4d989058904019b9b-850e4c8ee0f345b-8,I-4f2a02b700-7221722d00c-122bd-8b209,I-3-f91-10a6ef3--e646f2564-ddef41dc6
35,2,16,I4a50fc07808-8a8c-884f24-faf888f-f0-,Ib4db78bb945cb62d42de3721c35ce4364b2,Ic-2b0fdc2abcb2b2b-b7-202b414b0f1-bb,I4ccc59a-a-f83e99-dec1cca39c9948499-
36,4,15,I753e-8e88408f28-5823-4fe248489945a2,I9a6c9f992a61a3fb282b598--7cc3fbf-fe,I68c9a2eaf12c7c79df-0c994f4f---ac6c2,Ie-455a19e946-9b50b4f-bfe7448b6981-9
37,4,11,I88191cff18824f5a8a-8-0-850f4e696e80,I8989f-947a87860f52feb-39cf92bd9eb99,I9019aacf18-69f-ae9d9efacda---cc90ea,I1-e146-eeb-cbe8-deee4e64e24e71e1cde
38,16,13,I828a57828900-85801-f-854e-87a--8e1f,I13fea-88a3847a841b483b8a3ef77a-8e41,Ib94-3da1179f4683ddf2686a79367841fdb,I99293ac88fc89998a10f6-e9c010f9cc64a
39,15,5,Ia7aa682e00141f84810-87e0-412078---3,I-6-0-8640d-b3d5--5f9bd0f9-b5-85c5fb,Ic5--58f-f07ef28e6dc256f--f2b5427fd6,Ic-6-9-aafce4c69c1caf0f0fec5196-4c91
40,4,9,I75e18-541f72f8f781-f45481aa-8945278,I745676f77781-41-89fd75a759-565fb114,I0e16aa66fca84-9cf3f-a7c9a054c8cc9a6,I079305a0633ac5f3505155559--1a41590f
41,4,13,Ie86e58189-4a128858eceef8a14fe-38-f4,I-74800f7a05314caff6494a93a16--c-575,Ie119c91c8958-69-c-00c02-edcceae19f6,If689655401cf5-7cb6be-c5f8976-8e150c
42,4,8,I841e79a485081-5888719252a088858-8e8,Icc-3f6bc753194b-7143f8010de0305a6c0,I-c09-82-c1e21ee68f-70699ac511-c1a-0,If5f94a529455--d222--4848286f04--b92
43,4,12,If-66e055558a2ae882-812-8f1485eecff6,I73c24f--9063a-acc4f7-269ff8c88a9-48,I09-e99319692a3939f86a8-98ac5-a9c6dd,Ide4be4db01e-499084ed1dd98-cdf1e4454
44,6,6,I883501513294-9589a810a6404ef72fa--f,I26e56afba69c5-03-0ff760697-007009a0,I8efa84f97-0a-ba594-aa016-8a--a9af95,Id772b1e1f14cb1eccd-8e2109c24b60ec7e
45,6,13,I10ea051-f43f2f-2-c888-f5-e444578c7-,I--eeb44---aa1-fcaffa444222ae-bfa2e4,Ia4af-a58181e471b-a6ba886-48970794e-,I48af0-83ba4-d0-890b73-8d-46307-90f5
46,6,13,Ie087af-822856e454e0-f-4867-05a83162,I3c14b4b113aa3-ae--ce3e-ba1aa4ad413e,I-b40b9-f71007a97f-4f-89-9b49efaa845,I65-60ed0e8f7c-524df5152b478dc7d5554
47,6,15,I8ff5f88f5f-e4-f2688e9258fe-fe85602f,I240a-f3e44d310be-2c5a2-e4-d-224a-4a,I8a-0a4414a-5f-94-5b-b66a4a5849a6f8a,I589f90-508-396447c908ff2-55-6540214
48,6,10,I8788-874c3229-561-f0846-4a2-50c-48c,I9faa2c55c7e3d335ae3a8-de3-fdd3a3e-3,I41fb4a79-904-49454464ab7a-a018b0b4e,If44156517c-c9-57c14161787488608167-
49,6,16,I1515730552f8-7cfe3fe43-7-ff6f8-f-5c,I-458538384882c38468842954b-8bdd-4cb,I9a4b965af-064e9159b0a8a81--faa5fa5f,I3e64dd4d5ba692ea4db103960e2134-2b63
50,6,13,I8f468f-21a1e-7-e478e22ff-5a84a8-0-2,Ic4ecded73776--5b4bd9d-d6ee77eb-9e7d,I8aa8fb87a-1905baaeaa91a5115aa976-4f,I896b69b71b47445dd9c4b-9dc-b9-47dc9d
51,6,9,I2270a64a5575ee71f8a14--8fc-a0cc8887,I0-c30-2441112a2442-90b-b4c0f79218-e,I7aa9a788985fb14-9-6-4-e8bbe459a545a,I43020e9f5-6---1437463-e6a-7006214-9
52,6,4,I485e83ff8-f5ef05f28f8f271862e8f6228,I174-d1c71--42785d2fc2-77cc77c76bf5c,I-8b-a999fa5855f9b85-e7-b-ba1e585bae,I-d5c2ca98d48--4dbb64--59e2596a8bb1-
53,5,6,I1-8f0-e-e288e94a87-6619e98f7f-79f08,Iaf319f-9903e081c58-c091139922c1e98a,Ie4c-09fd6c97f6c681e4b4-c64cc9-bc8e9,I17248-da4-7-af4-84--6a160f30-229892
54,5,4,I88f7089081e0a58c8f1449088--5a5-ec-f,I4b3368b4eaabab05171cf4bcfa176ecccff,Ib671-d4698946682cb06c76fe-2eee8ce44,I4ff55e54588-4b4f7cc4d7fd54c5--dcfe6
55,5,15,I88f51af582ea-0438e5f52-721effc0f727,I3a63fa--a1134100163f82ea1-ba4aa288d,I-4b4c-b-7cc9-e7de7f0cbce8-f-c8b1ce4,I06--48-50acf6-c20-c-3c8f7d2597-c97d
56,5,12,Ie-06ffe38e-e271174538-a0fee-ca5e155,I21b-b11912-1-3e3d1-9f-9-9141f0cb944,I7e6cdfe-b1684d---b48b-f-7de4101cdcb,I1-4be9b18e780145b955-48-8c8bb058-be
57,5,11,Iff4c576f0-8c0-88af5f96-a401-6af50c5,I11-a3f1b14e-17e-f3fc722f11-e741e1bc,If4edd6ec4decdfdb1be0bee1fe-c88bbe1f,Ifd082d69b3dbb-c546-4544c695-82c-59-
58,5,14,I-48ee0108-f-f-658a-8-5fa757847f19-f,I794-467a047e87-fa82772a-82c1671f795,I801ee4cfcbfe0ce-cdedec1-fe9-9ecfb9e,I0-9844ddc144ddfdc5d56444a4944fb15cd
59,5,11,Ief80a88ea27828-affffa---f9486af383f,I35--624f9f5f664963df-34584-1df63ff6,Ie0401ccdfb8de644efce1d2f2dfe-9dee1b,I-c13df-2-da694-f6731e9-38eef0-9-63-
60,16,13,I5-058a0-7-5c74--8f887a5484848e-8415,Ifaa-aa72-64b77745a7e6e-6aa-7a4fff-e,I-f327d622a6fd3ad-86f2d43a6606453312,Idd6d6-c1-6c8c5f0442-c58d5420b57cf88
61,12,11,I95c75a25e88257352ef3e08482784-e58c7,Ib33-4d-68d3bf37903382653a242933--69,I98f43-15042550fc09-7ff98c71cf75f-27,I4-5cceeec1641d4461c-05e5091-ccc65b-
62,12,12,I-888ac-731f-8a-a-5137481909f9e94a-4,Ibb-0-3-c1d1aa-0b5bf705035317-b7bb41,I81-19-a5-550-61f9458f--794054069--4,Iebd3-a594b8544-254589b3c3bad0ebb08-
63,12,4,Iff1814a554-80580ae8-8f652a3a0f85088,I71ceada59a0ca--d9267adaea775--0d91-,If4c-6454c45c0-199-9f5f7-c-0a505059c,Ibbc9b94d747bd4484c9ec47d-cd-419-4c4
64,12,14,I03-158ff-38c788-23e818786-7fe9302a-,I19-29a41387879441ac1--ff-db9-494978,I05c55f35-05270fa-1a45f9c94a22f-484-,I-64a086666746a2d1a6e61d26121-592966
65,11,16,I8e23e9889f28a5-2ff82e4784e8-02a942-,I7706d6f8cf42487bf7742770d7c47ccd7d-,I756f4fb4-415f88e158465-94bbb4-44594,I3-55821fb-9c19-0f248d6-ca0b-2b0c11-
66,11,5,Ifee5-535e59-cf--4c51caaa564-02-44ae,I902ace0ac7-f8e69a0ace7064ac78b04-9c,I-6a165444ac-1-55b-64c-8b89febbdac-4,I47d4-c85b--4b-84df7dc409a9b494d-9db
67,11,5,I308c81100855388-e512ce8aa7245-1ff44,I23ba9bb-8f9320-9331390-9231ab4d0344,I-bf4ffc8----ae6cf645-7854b8bdbc-5f5,I264-72e9-04ac78d9a3a-ea66a6d90221af
68,10,9,I587f68e09e48--886520f4e645e4ff64a9c,Ib766c4--f407-6-11214eb68816a0a-d2-5,I6a55c6-89-29ab326d4-e92d2-43560-456,I4da-b6f89c-14c---5b9eb-474db4490d7e
69,10,2,I82794534335-14e875f2f5f4f8888-f1f9c,I648a44354559d4494414cd---b88bbc8-44,I-6424b55b-bc-ed252444854fddb3810-d3,I6c2dda8f4f9e-1c44e04-dad1e24d364-dd
70,9,11,I4475c4857-f58f5f15e9e4c--287-808c84,Ib2bb27b984299--77c--4b9cb394db3ebd3,Ic87cace7c-4c9fa704c4ce4-b80cc9dd--9,I9801a1f63faa4a10d292fe-6949826c6192
71,13,5,I40-04-83-c-8e05-712808c25e1----52e8,Idea3c83d--cb3622d3b812e45648c95-c94,I2a63-91c09e1-3-9-9661220-5-9-292e60,I29824b595d-25c4c96bd98547bc69e979c4
72,13,9,I83726a884300428--8f8027483f4888e316,I9b2-b6c1173f72c9c-fc0b4ef9cf21e30e-,I21e9e-1-e6f-d69d41ec-a8186907208446,Ie08808f05aacf5e1-98717d8013b99634-3
73,13,10,I--888534455ffa980-3-57a09288-f348f0,I7087cc8bcf4-464f-07fb96-447894673f3,I966-c143-07a462f-41ddd2d9357369-4d1,I3ab1dea-8efbe84b0b88e08d8000ab--0e0
74,7,2,Ieaf88388575ff58088a6a429e550726ef-5,I9-40--d051f04aa14154db45907da49a502,I449567-922add658c922da895b22949761-,I19ca5cb5338a-7f4f473-17701449a49719
75,7,16,Ief02c-fefef683--7-52-5887852a815a18,I88d-2e-5787fd78e08d1d-8c54---7--7c8,If492f5d4b948a6b69914-dede29b9ae-7b9,I-a32a608fe8bb81e-6bfbecaf824b044-50
76,8,4,I7f8cf14114-f0141404828858f1c8-e2c42,Ib3dbc9-b87449f-2076e678bb9-c0-8cf-c,I11f3a7-0154b0-888176a-af38-7749d477,I-bd810b-8-8c01f53b084d44c8e4f4-36fb
