edgeID,from,to,networkCanvasEgoUUID,networkCanvasUUID,networkCanvasSourceUUID,networkCanvasTargetUUID
1,1,3,I84831124f22c4-d5bf-d13-b2dff68315e3,I787843ea087b88480-e88a0808a3c-8--e7,I140839f-1b5f191d8dcc0-d9-eb95-0c3-2,I-386-87d1e4c8ccf80d0044d361c42ca4de
2,1,15,Ifef8d221-e8661d81cdc-5de3426cf21413,I12cf78f8f8ad7f28f60d8-f1-8d1faffe2a,I-7ebf9a1-cced9c5-515f5-f9089c345c-8,Iebfb9fbe-47-f33beef-7bbe-eef-43-e-4
3,1,5,Idf56d3c2ecb3db4-cdc3b9113d93-ff6292,Ie1817a9--0f75ef71a951--110f96a74f-f,If-da544c-efbccc53d0-3749c113ad-029b,I8-c6491a1e-9391b1cbce-d7ceb4b9769c5
4,1,5,Ic346-3dbf26239621316c-e422564635191,I6--d37716223-a2ad44ba7d7-61dd4-7df9,I0494cdc92b-0-3d9c83eb-bc3b4c04d15-c,Iecf007a10ac6bfc0da7774f-b76-c46fc0b
5,1,3,I8b--35d2fc46-b33526cb521--f91-2-8--,Ied834996c--e548f566d46-d8268ce5b-97,I01e01c1f32-32591acf91a18000c8--54c9,I86437-78-31b7887334c-8ff1e877b7-e-7
6,1,7,Idd28b8f3-2c886c-62-636333f3358e2be1,I845432e18428aea0f45a18a-92540e0948a,If29-2d4c41119f93f119-cd7-54f8ae49d3,Ibfb077a1c4ca0abdd0f0fdff7fcd0dd-aba
7,1,9,I858184d416d8f33b-13eb6b-69f9db4cc83,Iab22f19fafefa17b-727f86f92c79eb9f-f,I-8f2d18c848b4fadf35ad-c0cbc-75-d44c,I05c597-3-8dec1c-50fcc00c09ac0ba-42-
8,1,7,I2d6c3d6cc3-e28c85cc258d56-ecd-ec2b-,I2f82ccf8f88f507cb8-6c72a0-ca82dfef0,Ie9ccccc5d-20d18dc09ddcc-7f-52184-d3,I4-831ccbca8823eab34-64--5449c3c8-3-
9,1,15,Id-bf6fc2-ff2cde-28fd13-9961e2331545,I1c2-225a0f3f3020f28-ffdeff9ff5f21-3,Ic-ea5c-c500-51a33ec3affb0d9bfe7b5-7,I466e6387c4--a-dc803a808761bf86f8e07
10,1,7,Ib359-34e238b-8e63b--5ebbd83-b-42-68,I1-e634-f9669fe0-8f--c73796bf8662861,I1a0fd-87a943d43c--ed7f833c959c-0acd,If31--c5c37-c5-d6b047375b73257-b6016
11,1,7,I36-c858-5-82-3893-834cc49b42b6d1255,I--3b489--a4-ab43a4a97d090f-9bb43994,I59bad049c-91-7130851f3c5da3-f4cf255,Ib2e2c-8-9d2bd44681b4187--b4fbaecfea
12,1,9,Iecd8-1e9e3-5fce-91bebe6b34be4dc888c,I86a-628b2b5588ba8a57ca822f-5f75ea25,I3b10da-b-3---1034fcc0cdfd333c44fd55,I22af5e9aae0651--8aa48a26626a61-ae56
13,1,6,I1338bcd36-23f23c6582bf836-2c558ff5b,I1-14-3f339-b345e93e41f767066bef713f,If19399bf3bc0e3d-18d-1445-87-5104c3f,I-5262-b255b95400709-b0ab426-2899f56
14,2,7,Ibc626d2214c3-bcc2c266cb2d4b-3cf2e-1,I8172-a57979-5c--c7-fafb4cf49f38c242,I-c3414c34843c4c84a-b485d-c6-4843338,I-dc7cfa7bab-70bca-5dcc70dd04f00c1dc
15,2,15,Ie3525fed19-5564e-df63328f8bc2516de5,Ic-b6e838c3f3e63cfeb3-8-36-b5ffc63ce,Id338-445b198cf4444f948883-188186b3c,Ibe7--6e7e8d4c8b-d81db633d81ac73a06c
16,2,11,I385b1e6468--18-3686389edcd-cbc6b284,I9e12970c729-75e3ebc393-ef2a37082921,I4d4344-8c549-8--44de818f3c5ccce7c7c,I4-5f2266-c3d602264b5---3-53440b077b
17,2,10,If6--31fed-583-69bbc8fccbe24fc-3-332,I6b58d---a0-ac44badc4800ba85a8a-0c50,I8--c34a48744e4-1c34834f1-a9c873344-,I11a79ce--e90ee49eeb4c6bdbebce1ba-b-
18,2,9,I62--34f9633e-b9-63e384331fd3-6c812d,I5ff0101f54-25-1459bffb469046f-6--f6,Ie9e281c44dc8e4ea4cc6f848c44-913-35c,Ia-4a2aee6e861a0a61a0a1284af6-a0fa2e
19,2,6,Iedf2828e1fbec365c42822383bd1682d1b-,I02-84-34e6-0f5ebfb23fb73--63812620b,I325e-5bc7d84eb6431fb-c34-442-646ca8,I8a59254-f--68675154-857b642679-f42-
20,2,5,I-9345c-3d-8c-54--e1bd8c-e-265cde8-c,Ibe14fb84c4d4347f0cca014b4c7dd8ff9df,I83e37aca-1e8a8483844-4-8d44--8ac-b3,I748142038-86bd0c-88389e0e96de4a39c8
21,2,10,I8f6c839c1d1-93d32c-e3693558431bc86b,I9-54a199-7c8111e--f19ac1-b1c3ae0c-1,Ida-ac42b8385-c4-5878388f-c27714-4a8,I799e1e07457714e9bb8fbf77-beb3c-9eb1
22,2,8,Ic548ed--12f22363cedb28381314ef28114,Ie051e3e3943edd-98ad83-9897ee---4388,I88cc8dcaa4c484b844f4aa-4-4bd4-4e434,I4-50f15853941f64599-a39599a143446-5
23,2,8,Id--1-ff4f86c4dd2c6be-18b31b3-3ebbcb,I7-4d42ecc-234ec14e9dea27b-7d21e2b4-,Ieaab-cf834425c4aac4343-39-4544bcc3a,I-9-63bf4-055d7626b--ab5c45067db-b60
24,6,10,Ide16-1168bb583123d42c1dbbb8b-b3f82-,I-8cc901d9a00fd06bd-1cf8815c4d024a-b,Ibc4a-d-25-d5-b-6dc36e065fdc0-64b7b0,I2936-8d-b634744d6-1dc11c8689-d2e-39
25,6,4,Id33b53c22b568e38466-6618f3ec38bd-66,I08900e25cb404e7da5af-af0-04b40f444a,I-c0bf9e5b0f7--fc0f-7baa4fbb761eb7-9,I4f74813ffb4114e911f778be-e0b13977b7
26,6,11,I625-f8f-1ff9beb3-3d-f-8c-1d59b5c2df,I063f0f2---56--f665aa0ff393330-a790a,I453d5f6b-62f-46-5c7a-4fb6dcc0f09fc0,I-71f3dee874f49b-397411073a--314f56f
27,6,15,I31-d235e8d53543c--3-414f36c8e6b2-cb,I6875e46445-56f44e40f8e40d0ad4-484fa,Icdbbd5c6bb1-4f50ff-14-6d22-6c-94796,Ia57233fdc3c075-cfd7dafcddc2f7c5bd0b
28,6,15,If228--48-38-6ec36668484d64d2f86d1de,Ie94c8-cc8-fe4-b4b8--944448c94a448-a,If66-07-c7f4bbcf26bcbe7ffc0cb7-aa0c-,I280-6164d36cc63d71bc8ea838ea86c68d7
29,6,7,I-1e-d3f5224-82162bc65229ec2bb54f313,I--358d6d8609ed354d-cbd16-e4e4b-4854,I300-f710d7c63-09-6fd60477a1--0b53-c,I35-76c-310614874-c73b0862d554327604
30,6,10,I5c8b14fc2528d53e8-f163--52966ccc4b3,I5a09242bb0945bae1e4e00e2e4af1e9b-ae,I6d2-750d5-1f2bbc6d960fbfc49fb367d09,Ic-7cf17b8ec4e1-11a-e4-b90894b4ee86e
31,6,3,I42c51ef3c6e5b8b61854e6--9cb82125f8-,I--a2d0-248e0a2a22ed424a2-a9a2af4a53,If4ce-0cd-00b-b-0cc0ed6b7-b56d69c7cd,I8280-6a-4f-6e-fa929aefa66aaa-a-eefe
32,6,11,I9336-db1-3466f9f2-2c336-dc5b3cde41-,I813-e--e686d5-310b33db8610d80789786,I5aa5bb-cf0-6-eb1c6b6cb5f4-a6-6dc6b-,Ia9-9562d12--92bb3b-9bd46154279b0934
33,4,5,If6c--cc2--5-db4e6-228f-8dc4b2e629-e,If9144a0800fba4-4-b-85d908dba42d19a7,Iccfbd37c-dffac80a8bad7df-f40fd787d5,I0-6b9c-cf864c8c676d22e7cb74d0c6-8b8
34,4,10,Ibe-1-8e-c35-e3fd8-bbff164584d1ec6ec,I6d-8--8d2b6-a-27e5c972888a4---a82--,Ia0377137bf4af0c7b--bb3cd3-d8fc730-7,Ib2d1-4b25f021-50832f8-5bf--1104-cdb
35,4,7,I2ccf6f-3ce5b--1f-2568b-386e39-9d623,Ib8dd83ed8e---7c2365ed88-147882dde6-,I-07b-1a2-c-c-c6f7-cd-4f43fc3b1f0d3b,Ie8be5-29e775e-b-5e1141-e4c44e-7571a
36,4,11,Id34-f5c8cd85b21-e-3c22e4168132b5b6c,I21625a0b267b24e77ef4-7058877b-b66-1,Ia-dd7c748d-3c7--bfca2ca2cfb6acacf3c,Ia2fe-ae-2a16aef2aae60--458f8a246-62
37,4,9,I31b4338b-3bb-4e4163cd--18bf35e-31d1,I2cd-2342d264-01-d030047ac2bed0b4012,I6d5-3dcbdada1b6b--6d1ddf876ab3-d-ff,I52bf291-f924734a0-a59f02-674093-027
38,4,14,I48b--3f3-18cfcd61-d5336231bdf1ef4-8,Iad8dd354e3ecb12215884e5343-f4-4a3ae,I3dcbc660dc5b8cb8d8bcccd31c0c-cf72-b,I98868c1ce389ad2118dcfecd483d4346616
39,4,4,I61d3216fb2db213e-9c835e434-d84d223e,I70-e02b2-f95e361e-e93a-ea7da2f5f-8e,I--7b5c1bac6b07c-bdf6-bf6186-5dbabba,I-be1771be14f4-be9e4b413b95-b4b733cb
40,4,15,I1f6d-8b6-d1b--26ff69c8316566282cdf8,I211a167a9196913dec1d4-695f-66af9f4d,Ibc-1-a37-37db1-75cbcab-0da607abffdd,I079d978979590aa17a9f369c3e9015f66-c
41,3,11,Iee-1522ed6c56dcbbf38b-b44f3-c55-3f8,Ie-e8a14f749adba4091-ae8e0-c-e6a697-,I81b-9d6e487ab-d18d8888833b8ecb086-4,I21-31b1470c35723d2332468b042-bf0b6c
42,3,10,Ie3c2b41fb5d-1eb548b262b94bc6c263311,I996f-37-88--98ea848-c76bcc3de133569,I8-271677d1d6f-3bf6bac9e--b3eb-e2-e4,I4-b947b98d--e7de9155c551cb7eeada2b5
43,3,7,I2c861d58c166cd22f5bdc4b232-1d-c-9-c,Ia75-54d17da--b21a072-5b500d15-504d2,Ie8dec4e67-028f88--e84-2-062f0898a68,Ia-981-41b86f08aa-e2-a-8-60-f8996f6-
44,3,10,I2d8f1d6d6fd9224188f-2b2421f9b5bc31f,I584a72cf42a0-a8fffd-92-20608d4f9b74,I66d-a0a068a6e2632a88e0bc67-19bf-6db,I0b80254f9a9a7a-58574b0b9-a7b-8254ad
45,3,11,Ic5-2b225222c2b533ecf-3138-83e5-6c3b,Ia225-3233854ebc32-d8b-0e69-24013-1c,I28881b278e66-4d-ec83e-0a08c86b-77-3,I8601-194c-679-9bbed6cf684493-93d--7
46,3,7,I3693e6-f-b884852dcceebf63bf345f-346,I954-a820adb8-648-86df998d0aabbf2048,I-172aac7914-6a61068-b188ca0e161fb6b,If03ee8e3-508-ee3bbe9-b18341ee9ff4-9
47,3,11,Ic66e98-6eb3cfd688f23c686d3ce8--6161,I8283f8fc5a41c8a5383a4cf445aa-c8a132,I7b6b-16-b7c7639c467878e470-38c42-88,Ib-ebf84f106-39e11939ddd66569a96746-
48,8,3,I9c-9438-bd6e83bf31d152343b-83f362be,Ie89-14e-0d-347a0fdbefaf8e0-2ffe-1fd,I9fb0a2-06a9a-6a-ff2a-e-a20888568a92,I2854099654699-59041597990b49289279-
49,8,11,Ibf-bb9298c56628fcc3138911cfd-89d4c-,Ida5124-45-16500addc5d0b24aa4-8b25d3,If8f1-65020f41681aa6a128fa68228-60ae,Ic6d4--8ec03849a4d8-c3e467196b-966c7
50,8,8,Ifb335565688-3d2158522b-23c9--12-51b,I70f-23-42e62414f956e672b19-4d-0653f,I60e600e8af9596988-288a9a286afe8-929,I567a3a981a-f1999-4514416aff4a9644fe
51,8,11,I8ff6dc28ce2b21c5ed4b8c98c243-3b--14,I9cab2c0054a07a7d43ad4b084a44adc403-,I016a9a01a9a-2--8ea10600aa8516ef89ae,I42-1-bbb83067c0c38-c0-178167-755b42
52,8,2,I253-b26ee3d-83ce5-8d1d--ceb526ec1be,Ibf6fefc47-4ffb3e-b-37b4b6ea3ea73bbb,I8a0849a8668626-a1a6-6e62a6a666122-0,I-9b1-b2-e-79a1c70b-ba4-ce676-d60da1
53,5,10,Ib3c61bccfb1c4343b4b-9f448651-c2f55-,Ic9-33548cbf7338c8080784346d0f35ff69,I4-5-99298677-526869bdf7b0422723d075,I8d4a6cd6c3c1dd8d02666b8a7a63ddf7ee2
54,5,5,I-16-93-62b63-c-3-86-5d93-6fb66f8f35,I-e--b2d2-8925fd1cdb12ecc5c26b--ca2b,I82073bf176020a5--272b785b02599b57-9,I-fe377334b37be977e0ee97be1---f94ef0
55,5,8,Ie68f8e489bb-63f1fb19835dce8521d-42c,I-4-4-b1684cafb9-27fe4b6b6dd2-6a49b9,I4b2056-55b7b628059bb5-d740496750-72,Ie89cf034-b3395d158-9769447959180--0
56,5,15,I1122186cbc55-21681889d-eff6511538f-,Ib-7c6-77194fcb4b70-72c1363808404-47,I744-20-03078669009b2-dd67b225872979,I8c-6bd55bf80--21--0347-b-720cb116-8
57,5,8,I18db3-5df325c5-ec62b6925943fc9f1d62,I-0f2-77b417-4aa6411a3bff740-667017f,I5b023b324495b-76590-445f057-7596022,I56ab7401b-aaead6-11c10e44ba56-a7b77
58,9,5,I38fb48b-6bf881f3fdc4-16fc18cc-4f42c,Ice13-35c4444110bee5-4914-50-41c889e,I4697996d9f9816-98637666fad-fd-c8cf8,If-efc1979c9-7cb9be1b9b47718--14be37
59,9,9,I88cc1b3bbc2d-d24edf54-88364b6-e5cc3,I51d-d-88888--d058d5f-2864e2888d-9e8,Ifd31483c8182-04dc78fc44187813dce133,I4db2c32b82c433c3-0-777bbcd7007-6b-6
60,9,9,If983568-f6266b6-651c6db528866ceeb12,I71d1a33f45a70b273a81--2-3f43b324a3f,I7ce816966e9808a-9e6-9391-11cc9--389,Ieae8-9eab-be4914eb1ebb-4--b17bc8564
61,9,10,I6b36fc98dedb-324d4bc-6e22b-6384658b,Ib94-82-e2b40-3bc828e-e-64e05cb0e92e,I1c9d-3394494dd8c4c9082894c6a7-fc8bd,I19-b17659c4ba9bc994d-ce4a6fdd66f3b5
62,15,9,I3-dc6133626692-6842b493f3-b388cb15b,I04461-b04-b3fa6d89f64-97-e4ba-9f-1f,Iebee5-749--bb3fe91-fe9b750b-34-1f3b,Ide1-7-c51a46-4f-307ff8e63b4fce39939
63,7,4,I8dee33c-d6321--2b8264cf6682b85532b3,I657f419aa-9ba-79564-1e1a3955-46-56f,I5c-911193e7ae3b479-44fcc57--0f-1bcf,I0d778-0225032123--2c4d220746-db26c8
64,7,13,I-35854d8e9685bf8c--fb325f582bef14df,I5b1930-f41310c-f99-5f955a10f48f1cc-,I44cf-14f19e6b61436-0a31606b41374910,Ieb76e5-40c91--a72b94fe148eb--1aeb-2
