edgeID,from,to,networkCanvasEgoUUID,networkCanvasUUID,networkCanvasSourceUUID,networkCanvasTargetUUID
1,14,11,Ic60b34eb16eae3f61e7ea6f406a6-7444b6,I4f1a7026f414-f3-fa-01113719196c189-,Icb754056d4605b0638685382406c60844de,Ia-d45342f544ed5-80f445b-5-d76d2f9c6
2,14,3,Ie-0c46e42200847ee62675276864e0e468e,I4a110e16-aae82a4-a3aaee6-4ae244b01b,I546-44be243e564cb2cb3abee4a6b5464a5,I-aa13-c5ab31231abb224cdc-809ab63-16
3,13,6,I46ae6f446e8e755b3ea1881-1ab0b40ea64,I99731ffb0c4-3190b-b03977b4270b9c-bf,I363643-a42-3633df36db342cda--d-3cf9,I-ca94032809c12249de923-c58aaa-2-2ba
4,14,11,Ieee-00ff14c7b56eeef6f6a1-bee4060ee4,I66366-10ff--7104697f177-669d7dd61f0,Ie40-24dda6554485864e6e-24-e8-4040-0,I5850aa-688c9c0fcc4051e460bf6c482804
5,13,11,I0f68bc9ea0be43998-00ae48f6-8aeec0ec,I962d39d6204d7669f9741e79ea46-6e-d6d,Id5d-6d22-da957a75d47fbe54-44a46-f44,Icc8711c67c--fd6a1192c77-1ac24c--204
6,2,10,Ie5f8e246a-8483a1ea481414564e82-af-4,I-cbb7670-4b70695-b24-4bab-d7a10f-8c,Icdce46d-cd121ed81-64171fc-018b1e58c,Iacab2-3a4531a931aa41e36a-5-39a982c5
7,2,5,Icf6107e4e09ee080-04c-b06-8e44eab306,Ib-063e4-248a8aa96b9-4-8a-ffa411209a,Ia4-b-c298-5c4a1ccaf421641c8f1--770d,Ic541fb-d4bc-441d6-eda--461474-47a5d
8,2,15,Ie47-b4e8ee83f-1e-4fea-ffeae5--4e180,I64f9-2d6f-9899bcf8466c466434f-96499,Ifc8e05ff-75ed5b150ce-016--1f5b24810,Iad7de864-e8eeed66a-0f0d68de6e4317f-
9,2,7,Ib1e--0e656e62e1ae8ee0--836782ee50-a,I-d580-009252-790325d03289e522f9e5f4,I908cb1127-bd4c1d91c-cc6d47ca1ecdf84,I0c9294c42-3ca-09b409cfc80a2-92b821b
10,2,1,Ia11fe2ee27b001e-2b61bb35e8-40520ae4,I1a91494a41811372--149b-7-1--26b584b,I5-90b94-c44-f85-1--8--a0c8a941787-8,I4a2a073ccf6e49a4ae-a3f9c1670ce2-da7
11,2,15,If0e86ee189ef3e5e46e106c--fe6066-620,Ic2fc172bad4-f6ccc46625ed8dd656c4428,I1a90ca666-859-9422467407c1dca414-1b,Ib12301--85ebfa09a-8cb19915-55-52cc1
12,2,15,Ie61ae59421e0b540e440f3047b141ee-0b4,Iab46dc7-f--aba-d9aca0a96b-101--ba-9,I54ed4c1c1b61d1b84-5cc18fe44-ce04d0-,I3e-edf63-ea635c55acc054cdc-c3-5-e-5
13,2,3,Ie8bba449-4---1a4f36-ce01ea510e-e-0e,I764b686e6e87c-6a-c5e4596e6ac522aa6c,I8dcf-2a8484dd44248108-c4f10864a8-72,I2febbe35eb5ebfe684-326-266a526f-db4
14,2,7,I-30ef6be6e1f9e4be6e69b63e-6468c6f63,I5eff8a9d1-44114d5cf9-aec-ff901b414-,I44dc-75aa8a-8d-a81-a1c-c610c6d84024,I4-399494399f797-37f-713393037442260
15,2,8,I0e7b0064147f4efe64f661f5e406b6bf830,I988ff5b8039e859767-388f9b5328-d-340,I9b7-c410bd6a1c1f11ff1288f81111-5c95,If70f969-06d76e968de57c63bc9d-79bda6
16,2,1,I046b9e694e679ef6-4-5e-fa64-ba-47-6e,I41c0a-ec5ecda43ff-3-edf79a-eaaf7cc9,Iab184a4a4bf52c881c16c02b8-aaa825-c8,I8b8a1d8d-f-899dcde0a46-d-1022dba6ba
17,2,10,I44fb61-4e6e64e9-08ca0654606ba8eeb23,I-e43158-dda52dd55d-d4ebc-b8-236a-45,Id12--c64c5c1e4-11e9-6ad1129d8688ad0,I58647362856278ec179d586-99b258759-5
18,1,1,I-c666-1-406eb46acc680e3-5f6e6e4eb0a,Ie577c494-21c771ae17c67c-f1ee998aeed,Ia414-ba304e2c-a033d0d82ca3b5--3acbf,Ib5db7dd14d55c--a7766a5-7d9d-1b9b7d4
19,1,8,If88676-3c66445940ee2ee6a4f3-f4a63b2,I5111-75fffaa2c2a42-11a524a2acc-41-2,I6bc4f50b0f930212baa-3fb-2-a13-b-469,I6a-156e-73a3-38703e82--e23c9a71--47
20,1,7,I2a4e0636eb-414-f3be-bf-8e-82ba1e810,Ia88dd292b278-77cc2fdfded4c-f2c14-cf,I9223f-abf3b6be9b081a66646db0-8a0ca3,Iaa2aaa9-296004aaaa2-a4b077f0a9a1369
21,1,8,I1b1ffff8e2ea6b4e89069644698-6701e64,I-ab3fa-082eb4ff0e-778e28-23bf88f357,Iaf9f06592156ca1-fa2cd21d-6--c3ac039,Ie-c7d9e9a2a7cfc9--7-1f0a4f9--28f7c-
22,1,5,I8ae1ee9267ae9-6--ff-43f-4e661b-e86b,I43424-e-239-f002d4d870445ec0-d394f9,I-b-9200-b9e6d-233-42bacbf09bd2-0-26,I9-57a-19a9af913-ff99b2e12-52290e0-3
23,1,7,I734-4b1b3ef3764be614b2894e1eeb8e6e3,Ic0c24cd56ed99-d9e6-003295d-5d38dd6c,I-b62e28-9-08ab8-a2a-6ac63338b1abd9c,I50d-f45-ac06646-a1334cac1f69263c-5e
24,1,7,Ib8014e4-9ee1abb-41ae6598f9beb1f6-b8,I-e994a9d7ee9a455e8a7bae0d2-4a200957,I0439b3--31-1--c34b1a9-63acb09ac-18-,I3d6f23b53fee6b33efde3b6b8e66af56eb4
25,1,15,I0f029-efe4956f1e3fa-ea8bef5f6b43e50,I408888-8d72-20-3288064-4d--90268836,I604fc18--a34ddadcb9d0-3-a8295--f-ba,I464139b3b-3b99f-99c-b003ce029707c37
26,1,4,Iba01584-eb3f606666689f1eb64c608e8a6,I9f94a544f75845b-785-4-94656919-746d,I9b8a09ab30ac862-3bbeaaa06d43b4-c930,I939db633b4417b6--44c1b5c45c566ea464
27,1,7,I1161-e0040e86a418b66c1e090ef6e4e3-0,I667552862d68e0e12296c7ee68-a54c675a,I82b629228822b393a9-14fa-c-b62c3fb69,Ic6291fa8-86d-1e9-8daea8abaad611a6d-
28,1,9,I4ece3c1f03476e68eff0fe6e-ac6206104-,Id4b5656-47d-63b854e-b6f4b8-b065bb75,I512fbc3324b826-a6533-c40a2001-31a0b,I29-64666370448257561587-5-84-978384
29,12,8,Ie-eeefe65be41466fcb63f-cfe1ca614ee0,If4cd1250e0cf2fe9-f21ee0f-4-ee59e2bf,Ib9dfbad--4bbf4addb6ab6d366246c426d4,I4d-e-8e6387ce-c-42d3afe83a479-a444-
30,12,15,I580-864b82-9866a9e-f438845fb04f-515,I3b-f4acbec331-7-4a-ba79-e4ffba-38bc,Ib-417c7-b715b11dcd47b42e727-24426-7,I948aaa-9a90a7bc8a2a-607f70a-19-3c-7
31,12,3,Ie60a---0e6ee5e4eff50e2-40ab0-740644,Ic823c3248e85d534e33be33385-a8-29ea3,Iab7e7be45f6b6d3--72046dbd1bd314175-,Ic74ca-aaf-a7cacc19fc4c2-4-c4da99-c6
32,12,11,I45a0e--7f-eae58fe3b642-4--1-4-466-8,I0-66345343b535e28e34-ce84b4650844-b,Ie7-941157-c1be16a75532df11-1626db1-,I70-f970b-7950aefb7590--f31bcb7e1b50
33,12,7,I8-56040b2730e06-e8e40b715488e40-2b0,I-32a44-29c8-942c8-3-0-4c3c--0--c82c,Ie7be3b2d-766-3a90e-eb1a-5e16b-6a777,I93-0c3e6e0c-4c-a7107-06-33500a33045
34,12,2,I4e2620-31275e6-15e940a6e41f6b9474-e,Icc81af8005a-845c82c-305411a5c010f0c,Ibd3e2-72-70ba-74b77057-ded7493a4665,I466-b-6e2b5e2f8bef8f3d86-e5346--4ee
35,12,7,I0b417ec3-6ef444-46-c90fe50-4744903e,I928fd-792d-ac9243af-0f4-a94095a8650,I42b4c-111-1b4-2b56765d7d4-066116271,I-c2-d3bb0b33-912b0-0447-047-44eb-d3
36,12,3,I801eafc0-eba14b4efc0f64e0c6-1666a94,Id34-3f3b42d2-f02c43031520492d0d4-e4,I-b24d1f511b74a71b7b76d117171a1b47e2,I-8dc11d18-22cca6-a2911-a8d0ba6-8000
37,12,10,Ib44b6a6-192b3e4-b43587-3b648049487-,Ia7a6fe3-2b--2e-a86-77eb-a6e5876777b,I4bd1ad1b561a1bb11b---407742421-d266,I5b26c66b78c7809c80e6276c-675536d768
38,10,4,I-b46--e66ff8a-e456-88786-a74f2e918e,Iaac23a940c9b27b70-70-9a2209-74de-0d,Idfe1288638e3ede38-78e883cf66a-eaaa-,I83aa070a282f-00f92a42bf27009a0--200
39,10,9,Ie-1646f84164fe6460b88b084e7b11b5550,I070726-75-57513-06177ee04650647-f00,Ic4-a9363e3-c-66-e9cd76e9-d6-41d069e,Iacc99d4944a7a764a-9f6f79ea0d7237644
40,10,5,I40ff4ea8ae96bcf269f9aebc6e6e7b44-67,I4396-59584a541791408144191b0ca900-7,I5338d18201e05c39c26dce5-8-28407-86c,I6b9a18c5c09-16-0b400a003352559--33-
41,10,3,I14eee50bbceef--c8-36e47ee-ee479f6aa,I0b-0e4c86f-adb0ea-06798--c4e74e8066,I2-ee2-21a333efceafe8356d82a57d74a25,I733c690-4e0a30-1-dacee30e930e9ecc03
42,10,4,Ie6b-e50834-6-e5b3ea-64e-1-f00354f1e,I6f7381310b5d44275c85186-0111cf77a2a,Iddd6031daae8-1076-adad2e572c8278-96,I-fbb39f627390e9330c-b4d01b446414-9c
43,10,6,I413-61534e65691643f0e-642a-5beee62b,Ib182b628-709c32317-219-c-9bb3629b4-,If36cf-9fa-4-e78cc6a258-23666-3ecd67,I8149818aa-66f461f081d82d6b02b1-8ed6
44,10,6,I024066f-10-3c-a7372eee0e000a62a7114,Id3335a-da9d963b533-1ab16136054d6b8d,I73af46d36d2a7da486623e--e348ca-f-4d,I85596899c3-dc6c94d-6ee-5938b231-750
45,9,13,I7e-b04e01-64e482e41f-8ebf06444eea0-,Ida3-59a183198411d91131853844-132a-8,I0709b91077ab79aa-92f342--9-0b740772,I7eee24732acc4a44-2a-7d761-92-4aca86
46,9,11,I99eea7f828-7ef0e1bae1b600e-f4b16b67,Ibb637d678dae33-34bbda0-b3bb7c7-6ab7,Iaaa072a-870a2077034-23c90444c-4--43,I05-f5e-9-f-b3f-439225-bb7-1-459702c
47,9,5,I5e-1aa-058ee68ff64f6148e-4eb266e684,Ia7a67b7062d9cc5d6-7de7c123f-2-d5a-d,I-9-a34-100ca01-bb429a9ba008af82ab2b,I-3c72e3cc325c-71cee0be-030dc94d05-5
48,9,4,I48545e21ee82ee-0a80aa--1fabeb64af-f,I5e872d4ddbf30523eae-785b733e215d52-,I02c9ab-4c-9074c9194-49a2-aa044024a6,I63f66f8a-54-38f--bedfe3e5f-4-32fb6-
49,9,15,Iee0406b4ef-f0a1ea1e4664-a4e64c0-415,I0c2--9-f5c46c2bf1426-b8c-0-22c029a2,Iba62b9c3a99-0894aa--aa4007720929--2,I9-3-61396b09403-c273c-44b10f7-1cf2c
50,9,9,I-8b040184ba--6066e1b4e4e5145ec044-9,I1a-c-65dca2ec91c9-ffe8589d2800d29a3,I-6c90902a4f0afaa-c4a9-40a-499aa0-22,I0bfab-d6dd1a210ab80-fad8a6c26-fab6a
51,9,7,I-83b3676648-61-6a-43-eace86ee0--44f,I78468eb-2baac847ec4b84e9aaca4899a80,If1262229928bac2049bc27c-24bb1092a10,I-8166b-59c78937-2-6182522-6e8727688
52,11,5,Ia788660786404b0b64ee-ee046456-e-e34,Iaf-bd-8d535dd5-2-a48cd00d4-a0d2c-62,Ie9-448a9a8-ce4936-a339cfaa70ca462-a,I10330fb1101811693bba45b-1235a382f28
53,11,3,I64e2ee91e-0e0b-f-448a547e4f2f66e-1b,I5-dff5-fee8f18c41bd45f4ef13fac0-b1f,I2af-c0-9ea4fe821e44677ca492112218cc,I0470eca6ec4e060d3f303db0b9b3f5b633c
54,11,8,I466f581-2ab-a47--2-6be6a963a4646-08,I1bb-44-71b1-4-b74--107b40bc-2bf700-,I43c9a4-9e4c4a-449c97f0caeee4aa-a90a,Iee5e-23b55f682-be8fe2b5b3-e-f-eb2a5
55,11,4,Ie447269b6aa387a11-814e60444a078b1e3,Ia64628-f40c61dfc0-e4c8a316-396cf0-b,I14cac4ec74a-f29ee2c2477f-6c-c42c3a4,Ib-0340-239d33b9be49-3334ef-2d03-32d
56,11,8,I19480409e44242-4e-ee47b10f6460-4-e6,I600ffc2-67cacc174-e832cc-afee4c41b6,Ic7ec9747f8cfa79214787aa2cca-27446fa,I2d8da8281-c64--2d628-12818941bfad8c
57,11,7,Ibe-14ee8-b80b7-47618860f8eba-284cec,Ic5-24c4cbcb99cd497b-a7-cb9b9e84794-,I7c-f3c-c4ce9cca7c492ac46fceae-9fc4a,I65cd55996b3b-cb97-cc1-24b5c-8-64968
58,3,4,I6bee-bbe3146efce548fbf-ef10466-0a6f,Ie30d89288cf3-4478f4f8-26adfff3f46ad,I777bb2befa-a2b9e1--bbb-22102ca2-56a,I06c30aac30ba3c03ed--d3a3bdceea55d39
59,3,4,Ifa01afb-a4c67b6e007844657e0f7e4-6c5,Ibffbb16bfde63fb8e-4ebb8ef-ffb6-e3ff,I75c9297bbbb0233135f5-152a3f193b-51-,I565884ebfaee5feef-beb88-b-4a45--5ee
60,3,5,Ie64874-1-a4e-a454ae395ebe-88-0aa0b3,I54cd-b-d8de-c4c4c5514952-b4db-b1c5d,I-f-bba3895-f2bb30b1b40-40a25c320518,Ic0672307f4373-99-30-933-449714-3232
61,3,6,I55a3bef835816ac18fa2-7-7e--444-1e-9,I0af-eb664e1-09b64b3356b6a294bf996b4,I1542ea12611fbb1b00---452158bbe-ba1b,I-e668fdb7c8d65---7e64dbbbb666b1-cc6
62,3,15,I-be406246870ee14249e5ef08a0--9c86ae,I0-4b-5-9ba744d95---d---409b-b94-960,I11abb19bb17-2b309955e70-17b08091-50,Ica6661a-a-b-d1-c61b-68492-c9899f-8b
63,3,15,I0b8--eae950fb-0f-5c204-6617--1b001a,I996dc8d9c6d2-fc6-0461e-95b0-4314b8c,I57-a36-c9c189b9274-ab9189-06-a11e11,I886cc2976e4359b5598e8--6dc-b87c6d-6
64,4,5,Ie58--3ee4e--019a1e046fab265e3-fe88a,I70b22-481972288d1-2bc8-241347a82eb3,I30-3c--2c3-6eac9ecc5e35--3be3-31000,I-19243bf-43-03042343b31c192439b44b4
65,4,15,I-c-a-ae474f8-121be6-66f77ea606-3e81,I351013-852a3dabfb3a-adaab8-d1-ddd08,Ia-b-d60-3-0044301ee409a63ce3-05b516,I8a38-e48d-feff8-fb3f-658-3d35e6-3-f
66,4,7,Iee4498-4470ee466f8ae1f4f0b429e4e642,I74337d5d659d653b67444-5d8a513445f77,I4dcdc3-e-10c359-609-e5-3e9333c-46-1,I-95dab194-546-5-994-5bb779-db6-b646
67,4,12,Ife0aee14b38645e60-b4041fee016-6ae77,I--f3e24-3-3af1-133f9e1--7c0e4--a3-7,I96--eacb3-e4-7b5494c3543ce13-0533-5,Iddde6a6-af2d1-c1ca-9266ac69a99bdb86
68,4,7,Ib5e08bfa692-884--0ea--e7ee03066-670,I4c2dc-c95304b255cbeb0520f-4bddbc47c,I5e-c55cc6640397c9953a13f03be99d459-,I51b28-b-56bc1583832-56658c896765-c-
69,8,5,I4e024eb-8-ee-260a--12851e0444641b18,Ia7fb-12f0ad0c211a77b534-b-137a-710b,Ic10-f420467f4e16f-94f-7d-4f1b341f37,I--8be4b-fd8eaf5bf888ae-b8ef5fef6e8b
70,8,9,Ieb9e87f-ee80e---4650c-e60886ea44f60,I78f848-32309d8-11102bb3283509784799,I944-c-337394-d32169c443cebd1c90-9e3,Ic682ec88d-ad618fbac1abf0cdd0b2fe-68
71,8,12,If6---b4eeee4-a751--0a64f4b-e43c--34,I13e46833d-e8-420b2ff-cd8b-fcc48--df,Ibc4-cf4100c71e-c3f4c90e270044c299b-,Icec8bcd-d7e5b98d5-878753703c6c5-9-6
72,5,8,Iea7b-feb85e103b8f03ee6572-b--b6-4b2,I852da459d46aa954-2552-535966456-b66,Ie-3fef8365e35-ee6abfa3462df4----fe4,Id6-dd0d84a-112e6a2ababd9dd-1-96-6ba
73,5,8,I12eaa45050e066-c1081eb48c0950308a0-,I1-111be194517eac7b-e-1c6-5274-40481,Iafeee5a--4b-beeaeb-45634af628fe6af8,Id781c856547bc67-b5e3990-98-658888b3
74,6,2,Ibee420f469428e14631-b310-e3e4611c0-,I8a6cb046--8-abc997-9c9486a1b4aa56b9,I-988-1-59e-f94-a364-900a9b--b9d9d9c,I97-5c865837325-6c76889878cc2d--7c57
75,15,15,I0-464168---5-4-a--f6eb5aef6e4e64480,Ie4e2f8e79271785e65749-04-b4676e5761,Ic20da886d2dfc81b81d8d2a204a666169ad,I5c6e558e9230--32758b89c82-c-9007e83
