edgeID,from,to,networkCanvasEgoUUID,networkCanvasUUID,networkCanvasSourceUUID,networkCanvasTargetUUID
1,1,4,I-438e9d799f11d466-519b97e54-f1ed13d,Ic36-b9a78a32624e7-36-ee2798-0a6c79a,I124c-942-9d5049--1ee222c-8f420d91e9,Ib004a7a41-0701-aee8-423-8b0044-a31e
2,1,4,Ideaf1-b7f-544fdab4611799faf4bbb77a1,Icfb1a294-f914615d3889f34b6641f0bb5b,Idc919e5cd-b882c-4-416414d--4b02--76,I0cf4b3d598aabcd-c-9dd9-a7-df4abb999
3,1,6,Ib8e9f1b47763d191d-714fff976fef17414,I-66326b38f3-38d98448-9-f9245f8bef2-,I-94-6e2d56edd-e2-d225deed--0d24-0-7,Ifa2-7-2e88ea4-15548b-bd2e3f2a9a1b--
4,1,16,Ie471347--19ff--ef791-1ff-81e-4-bfb7,Ia45851eacba7f058ea5185a770-725-fb18,I1f96b5024--e6799b4bf6-9-c2c70716517,I32b1c-871787dd-11329a911ed3c8-f-ec9
5,1,12,Id1--4f47-7f1f1537731f1-1176-f5641-1,I-f6495-94943-a414334f7420f8f7b87b34,I6521-2244-2447d61b98140d469e272-b6-,I-26-bcb0f00-20860-8d4-7dd4604-0-640
6,1,4,I-f-71911-ed155f1b4fffbfe7411bdfd3a6,Icb49199b-e61f830e3ff-3e4-d4c8-96e-f,I-9e1c29141762169-19-f720dc464b-4-2b,I211-7cec84bd2c4-684c0a93cacc2bc3446
7,1,10,I-17f4-71-9147-1-3-436f4fbb-14d3-498,Ic9858518-9ce9fef89fc154f4f1a4f05a58,Id2d6-c68c429b04dc1478e97072cdd-684e,I-f3800e-2--7fa1027-05811784e-a-f88a
8,1,9,I718f3117-4b---43339f-6-b1f94a8f941f,Iede7a7-e40-9deb07fa9e63e884babee6b7,I-e-b6bcd1-4e-655bfe2250c64bd-222672,Ie8d86e6c7ed44b6-44fc94c45b0cb47--4-
9,1,11,I69--4e376--148-e19db99fbf11f-5494f3,Ic774a23811ee73da8d8-5d8a4--ed59794c,I6411d158dd-0992529502f17-e967d817b2,I6c2126ba6b7347e--28-478297-8847--d8
10,1,4,I1fd1f934b9511bbbb11-f-d11f77f-b5b43,I8fde14f85-fdb4de-5-6484f198d-bfd-44,I2d1619de1-c7-e0c4-c7-b25166-616042b,I-13bc8b77d6-f78db23-179--823a60--36
11,1,8,I7ff9b4af6f457de1654-6fb4f54-1-d61ff,I4317bbdcfbcda7bfe7-e-77dac27a09cf-7,Ice0eb66-77810ed2ef-8216-f86d4972c-d,If4244e68d442b44-b-c-475c24ed46e--92
12,1,5,Ifbd8a94f79db91ed4-a41-659fa7ed3d439,Iaad91-74-879397c599a09-da2a8--3900e,I94769-427ed44-1e--262ddd9969bcb4f4-,I8-ef---b0d8a4b4dbb8514c11f78afc1-4f
13,1,4,Iad6-b4d5911e7d1d49e9a-3f47a1e731e-9,I2b2c6ca5990d-f7bf9e9d4f67dcbc542724,I5-454975-8d96e2f269ee426-6245-4f896,Ic9199409c8dcec9a8041e10f9b5-98900-0
14,1,5,I97715e441a3b9393e8-8d4-a-7786f979bf,I77a-fcaa7b53-ddba37c364cd--8-b2db06,I5-21c64--9-22-d--77e249066c6c566-b6,I18c34dee039aa-457ee4-e3ed2b--931443
15,2,2,I7e7-f9f87158d18f11b75e494db49fe111f,Ie45d6c14126-765de0d11579c2dc4de8d25,I-480e587-0b4b4-d2e2-ef47-190ec5c673,If8c-ea5cfef717afa87998-45af-65a8a8a
16,2,15,I-b-78a74d713417d911-19f9f-61a-4-9a7,I-b6fc1-fed147f6f-cb6a66b22bda-8-c25,I9a2-4cc-4accb4c44-c94a4440a98238-84,Ib07efe4c93dd9330e98e8eb4c4ee9e-6c40
17,2,8,I499dfff-1f11a9191e77193974ab1be-1af,Iebf-2-dae-28f5ac283ed1a088e4842a1cf,Icce7-4bbbbcc49ac-7c1e599c-c449bef4c,I2f6c7-70b66bcc45274b0688-4570-77d0-
18,2,11,I94fbdf7--17f4f-a747f79dd414af8--1f7,I4a41c-72-af-a2246529924a299f12-c49e,Icc-deb9facd9c7-6d90-f90ac446c1-47ac,Iaa3-cda9833c12ac4ceac7f-c0ad1a-1dac
19,2,10,I133-5aa-f479d1-f9af4--3ef-b9be71b79,I9f0d-d1c1400cfc7b07d-14cf4fdc1c-091,Icea03568c-12d5be5b94051-5d---c9bb-0,I27eef-8ff22b2b3ab2-bb2--a982-e49-49
20,2,15,I6b1-f1fd58911711d711a-a1311a6ffffbf,I3ae-2654270-2e176ec220-b64cec7e7-55,I960413c2a9cbb4a98499-b74c9d---cc96-,I7e151a3--49aed--bacd550c500a-3f1fad
21,2,11,I1bd4b-b1f-ff48aba41ba1881f-111f77f7,I0df5d9a807-467e8a88b4bbf-adb874a4fd,Ia449f2eb4041--50c-c7e21-87e9bc3c4e8,I12635b-97778b7b78a5c6--b7c4af783119
22,2,12,I7934-18a7aef1d114-8--19d--9-438f-77,Iefcb--3-d08-f76e-62cd-632dd70cf-b86,Ie4e9cc6-4b-fb02a7e2-1acb4c0bc1884b-,I62e1533d-e20a35e22de237273089ae0d73
23,2,4,I7fb1fa1-4ed176-aa6ad11f-489--19e1b9,I87b49742-4--20bc7-45-4-5a4-f8420f-a,I44a0-e19-5bca4c-4-16dd76ec-c1b64-0a,I9020a4aa080-0089479-0a808aa40-27a20
24,3,9,Ibb4f61e1111b46f6f5379e5-a1aa48999f1,I3-776477a-7666d4d9a686a66eda91085a0,Ib6727e7e0-9ea670b61812f56762--f6868,I41f8-74-f8484f-51-e14404bbcfdeabd5-
25,3,6,I191-f3-444feffd181fd19fdd3f1bf4bb1b,I8891-61564302d34de1c80366e8d--60ad0,I-4d54-81c83b8c3a7987a878e8615718a01,I3cca5c1-ddd-e06ea5ccc947a--4539-c6a
26,3,5,I99a7993d11-39e1ff9--1-177-8-4118bda,I-daad1d8a0-ce51570e4-2701004-e-951c,Ide874e7718-c-88197e741-86467c287-b8,Idd565d0b066-b607608b4bd47462ddd06cb
27,3,8,Ib1149d6197bf1f7f1bf5f38fba4a1414--1,I5b66-80309b5f7405b7080e64c9777b080-,I-7eb-777e4-583-ca7c6f7777e04b617c8b,I3229a--7b1245-8-b29e2aa2e94bf72b24b
28,3,9,If-ad-89-317b41544-bfd9d91-574f461a-,I6bd358642cb936a-7534c-983918da1cc8a,I8-01-0170741188-2d579b7c47983b73197,I70908e8837700-4a4-e37-e---a9a-8743-
29,3,15,I34aa46b4474d7aa7f413f-71fdf444-a117,I966108b-92a2d--eaaa0-a3ba29bd8ccdad,I6-682b748-1828e7-4677487b78-d003ce-,Ie0a8-468077597ccf4f71377-a-eef-970f
30,3,4,I19-5749311f17419f59db611f81f-3--b87,I-eec7dba4d590bdb539b7c52-2b7b8b-458,I76682-b7c74005c621560d4288c7797c187,I669eee--64ae8806-468ecf6cc47d4-c963
31,3,10,I19679-91db9f49311b15f889b7--4f93991,I0f28b47832-7-af2b23f432baa27f7a-b73,I63cb176a84d1d168844a-766524b71f261b,I7-2839f249f4-4-a-0b7a-6-347dd4099c9
32,3,11,Ie41fa74b5df9e-93bf-91e39-b-99b94a91,I561145ef-04f5f7352f-501f50511256-41,I4fc8844d476acc4fb8-48ecb2ad89c-0-5b,I4dbfadcfa4d-b6292b05915d84-28bfdd-0
33,3,6,I-97-feff471-3169-4efd7177e114a9a44b,I---7d739730b5847-9d-598b731b430437-,I777b-8b7f60947a-14ce22-048-c0-975-6,Ifa1--04f-f9-28deb470d298e2057c48cf1
34,3,10,I977f-74d1934--41-1e81f57bf4ff91a149,I9e33c-37a9c4c2a393533-49c--372c1393,I8b-18-88b-44f71978-0b3e-2-2a877b7-1,I7e7eec03e-7272ae1eee0eee27-dd-7e2b2
35,13,8,I1fadd3-71b7-71473745459474934-96bf7,I784a82-4d749e98447f8-d87f-f4aa-4d8f,I44e7fec87abb01-0f4690e775b6feba--8-,Ida2279e12d10-3029-3-b30b-aed4062227
36,7,10,I8b941-53f4a1-119-159648-7741115d7-4,Ia9a-d6---14b0d256-34fd196fdf77bf-d8,I-4ae-a084bb4b44ae-e0-31a808e9e97980,I66377b4a32ba4cdef64-bbb939-d-84-3-1
37,7,15,Ia-d7--fffb47d5161b897de319-a7f--e34,I8f-ddc425be1d9de-8a4-8f344--fdd9003,I744e4-98824b--0844138a2e302b40ae4e7,I5--b406bf27b5540f4fb450d488f60-d664
38,7,9,I9544d64d45f11dba31711da84a49733f365,I0e479ce6ad6163c6c-dd68d8d3--2194aeb,I87484240e43b08e03e088ba-00b2ea90a-0,Ia9bb819fe4b9a59-4e-a242258b24a43-b1
39,7,7,I9747a78439f14a713a748f41f7f4449b-4-,I8cc72b7d3c7224--dd5b-d42b479c3ddbb5,I2821--e-2-872aee88-74a-aa3bb0e7b9-7,I75-90b5217f43e2-42010-920d1151d4-11
40,7,7,I11d9-716d44fff41b-8748f7a41f-6149e7,I5d-b33869d46779-3e---76-b5-8d6283c2,Ib40aba740-39782-778a800-4e7-0a07ae9,Ief7caf104-8a7e824afa777-78e6a707636
41,7,10,I69-b46b48eef159d--43b1ff71f-4151-fe,I-00-8ecdb748084-4e98-9870-950-b47b-,I-0b7-7e90701307ae0e7887a3290ea8b0e-,Ic59-45b084-95ce64e650606e74c6404-9e
42,7,7,I1a1-ff1d466-7f918f146ad7364d7ab119a,Id0-f542a02f5-b0d5-dc4de6d452-2-6d-b,Ia80427e9498-2a4788088001e09244-7-8a,I7ab1-db160a08a8924b0-1090aaac411271
43,7,9,I--e31f1be9d3deff7d7ad9da1-b5a5f7141,I126040144e40-0-2-a2e44daac44402-d--,Ia2a287-baea7a7400-e8070-04b00044093,I504f4-15aac-b278dbe84424a4bdb4ac4db
44,7,11,Ifd44a39--194715fef694-1f1b1-ff18fbf,I8637d5d31611d44-f8355f35758-544a514,I8874--73e78-08ba2420a7a2298-394--07,I00a0a8ebefec7feccec92-780ab5b879d60
45,7,12,I4-15195b44f31d-ff844-fe991b7a4f1-4-,I32b7e8--dfacdebd5871758-b4f773fe7ca,I29844-a4a3e808eb-980173e88e74800abb,Ie0ad02-2deea7345cdbbe4e2ee-be-c33-8
46,14,8,Id88d75e39f--f411-4f-b7-1958f14d--bf,Iee-b--508abe9a-ecb--af1a--9eb5edfd-,Icf744a97ac-21c4-55ac22-19c2729-4fa0,I-72dcdf2bd--d6d0548686c4880dd67-622
47,14,10,I4-181b-647fbf8f976ff1b7671-6fb49df1,I8bb7942cc88-1-74cec-487b7cd8cb27eb-,I9a899c8f4ad5ce7d75e396abccb40a3ca04,Ia480f0e1-7795-88a4f-75fe8771-fa541c
48,14,9,I9f93493476137f4fb7919-b4fd7159b19d6,I84d81cc3-1c3d---38a73--c-dc13cc638-,Ic-33eb5d3dfa1a-ba51a3a3b839195d44cd,I6-b4e6cb0-4c43760969c--646e-d6-88bb
49,14,11,I7a-f34fb3-111119-13189f44fef9f17195,I-cd45bd9-645da175a74bf4e43cada228db,Ic558be9caf5f3527aa9c60cbbb7a79ba--1,Ia45cb2--b5bed0cbaaae58-b9e4f4854cdd
50,14,4,I1--17-4fff7f354-b7111-141f7e581f1ff,I-06155707151c4611-b746905a-75-c70-1,Ieeb5-7eda76-b9d1c-a1c6bce-92b7babb-,I09bb9c55c8cc9c-6019c-cbccf46-a-7b00
51,14,3,Iea5ef-4413bf1117963b111b51-7-113-f3,I-2ce14-4c3691f322049230abc26fb-4cb5,I92074dc695d-caf-c2ab1179-c9bd6b0b53,I168782e2a--c552c44e9790d2-db2-2-e93
52,15,13,I-bf914e1f539-74439-de19feddd6ef-111,I7fb4--4d0dd-5e545fbff60-082652c45ed,Ib-44602d686850400472b4c06b06f45cb8-,Ifa100f147--8fa1-0e558048f71ff-f7e14
53,15,4,I1f135fd1467f444f9916e13d1-d5-16331f,I5441b041e45-4254beb440200544102c312,I28d7c0dd--8b45250066d06--bc5050-27-,If43-94854a50-0699-48e0db8bec6d094b9
54,15,10,Ie9571-a15d4e58374-af67d94f1df9a--41,I4593cd6a--9ee-87-992a384c687863aa69,I4b6-4508440f-662d2fc264f546d746d0f4,I94a-5e46-8ac4-4e40e-817962c4fb02-72
55,15,4,I177-67fa91e1af1f1b8eda4-e-69bf15a-3,I6024c-6---6-6644-c2c034c--ba2142924,Ic24764b60cdb87cc840ddd-66f-7064466d,I05c-ed7d91cc-ac-a9c55-dac9582c89b60
56,15,8,I9491f9feffa4f41-39-9417f-34af1a1-48,I78-579d96---9-0758-44d01d87049-d177,I-7-8ffc84-b6b6566260506-5-bd84544f4,Ied8-3242--e99e-a26e83-eeb1--2e330ec
57,5,13,I4134d9-1f-1f16d91a178a4713111f3a3d5,Iac6b66313-9-6-a-56c0eea-53464-d5f43,Iae-82d1bb124975be74d8238499a8-7-2a8,I71-314d31f1c1b0dfb30ed9-01f3dd5ad91
58,5,4,I8ad5fb1f9d77-3917e9df8-1-91-bd314f4,I-836d0dee8-aaff-606dee59-5856a01f75,Ia328a2f2-2a822da-4adab2ff79aa25a22b,I05-a5-7f95af6-3-3a747-7e9-4189a7f7f
59,5,14,I17644d317fbf97773333--1a471-4fa373b,I5a6ff05ee7e-0fe490a6757ef1a58aa031e,I259-1-228ae28284a743542a578b58278a5,I98b990bc9bdd76003-6576-09eb3ce5-e6b
60,5,8,Ia74f47b54d11b1f4191fe5-14e9147b4917,Id50d16041dd06a8646d2db3549e8a8080-0,I3b99fa3928d9849-aedb298b2323ae8227-,I3ad-656eac174933ee5272e0-25e81e5d21
61,5,14,I9df4194-4-f4711-bdff9a-ff-3-117ea9b,I2c87eff70afe06-7da--2c7c02c2acf-72a,I541b2-a4b94449f3dee287b2b817ab4be4b,Ia7a6b66d6bc0fa-029ef-a400af-8a--ae9
62,5,4,I59711714b1b96-1b19-7f5f-99b79ea13a8,I-55a0a0-6e1f1685e--65881-e8aa60-4e1,I9a1ee415--8b--2--2a2424385f221--97b,Id5d24b2cb4b-942b4b95-4827d204--84b-
63,5,12,I134b94fb11-43f-e1737-49d151478ff7e7,I289b1cc4-58-4b184951164391b9abb4b41,I-9aa9a2174222a23e8be4f--7152-e97bed,Ib475c70a1f2d--0-b-49f09--dc3-cc2bbc
64,9,9,I11f47e6-479af336eb991f-4-1e41df1b-f,Ic-344137-47-0b0978794-3c9733b-c037-,I13ef7a0718-70ef7e784a11e7f564fef483,Iba0cbe-be-4--9b4-b-eb4aa46a-c776-60
65,9,14,If4aa9b14f-a1ff14d81f119d4e13-87-161,Ie5f2e-6b7c28-2b--b12655a16-0a2d876b,If112--06448ac67-94a5e01e-f4-c5f-018,Ie35-024e77222-e2-54-8ea5e-ee99e2-e3
66,12,8,If14e1bd97fd4a-eaf-1d7-419-e6e79-49-,Ia7976b92669300cf2b8871-29fb0e23fef2,If172211-9db424-ca2410abd974db405124,I9d6689a4bc54b487eab6-444bcc442d9bb7
67,12,15,I-765bef7b4d9fd13731791641ff-a-4f-31,I554e536ea5354ee--ce6ccb6b34295d1c46,I4332b1-f1--32211b3fc793f650cb32b314,Ia5ba-d-07a88-f0fe0a1-9e207a10db0--c
68,12,14,Ia1fb114a4-d1f1774-144-b--37-a7-9f78,I-05d4--7620f937ffd-455410e171b51477,I6afc13-8970d09-784-a4f-85b2a2f2d63b,Iaa35-b47ea246eee-b-7e-5e-49229e2-47
69,11,5,I4a1d-15-b69a41bfa--13311bb1f11-7-ef,I-0b630ed1f0ef0-d9-39e0e10-07e1-fd7e,I45d8577494-55dbc51d4a-2bbb1b4a4fbfe,I9c4-0-00a0-a5-7ff958c-fa0704107-6bf
70,11,11,Ibae757d98ea8b7af61f11b84d4-7e-49-1f,I-851-91d25--dee-5-a1-b5d3ead4-da15a,I1ab75ad505d-4bacb64dbb8bd408b62b447,I47-6b00ee5b2---c-ed9920e2ae2-c-7453
71,10,3,I43466-f--bff9977-7fd64-4a5fd-df7-1-,I0c-08d-3-a-d5d4bfad7af5-dddcf8eaa73,I-f-8bd-a24d6b9abb0c--bce-8b---0101c,I0d778a2ee2e6a83173e4de5-203403e9dae
