edgeID,from,to,networkCanvasEgoUUID,networkCanvasUUID,networkCanvasSourceUUID,networkCanvasTargetUUID
1,15,4,I19f8c785c1-dc10cc48d179ff96d--7fc-9,Iba-bba05df18405-aeb-b-101bda0e4f54-,I80d-8df--29416d0-744dd852--2-0452d2,I185cc-c9ccc99a6bccd4ed491c696--b6d9
2,15,1,I195015463a39213-5cfca97950978221d92,I---22a5-f9cfd--15bc1f1e1d99cdb-f184,I-5d034272455266445-d12-461134259fd5,Icd03-bdd-cb-8-2ef-b741ceed1ee8ce8-c
3,15,7,I5d8706059-a2-d345515d1269887--22-8c,I813ce-531a3a855-91aa99e2e7289839cb4,If0f51707ff6-16c3fef450054585-f25-f2,Ie7eb-e9d79c77259997--973990ed5971ee
4,15,5,Id8cc7-557292-f-52055a28cd75c88d1a9-,I85e0f68a054a3d8979d90dd9e40f489e5ae,I62205-7-5106420672530c24540f86dfc-4,I5029426756034--e4b56b3---0c-bb74564
5,15,1,I998d6c558ca7ddc80-92187934cc72-d038,I66f5eafbe64b76-b4f6d-26614646464e-6,I83215-7d236e0d05-f-a4e2c1429f40e0f6,I03916b06469aa-1348-b3ded93-a-9de-16
6,15,4,I4f9d880-37c4cdcc9c68d97da9dc-546782,Ic6-444b7c38733aa05b741-e8ea7-83aa88,Ide1c03--f--9e0f-df02a00-2007d-d-2f3,I-9af8-4b4269001584e4239-904f-4-8-40
7,15,11,I42592275-d71c24d-5aa-8259cc06-153-a,I944c45e575c7-4437--4e389c94359ce534,I10f0df-d4d200--d-2144214443421-f3f3,I9-bf962b4b5c1-22b7-e279877206-0fef2
8,15,6,I777da87cdddcdd-59-90af8-95-1cdc8f65,Ibb7173-edb8798-94bb-7a90-9-89-412b8,I3-904546c2-95f20-850a0-a0-c19cce47-,I9ba0c9b01c4-a-e3d8ce7a-0d650f5e100d
9,15,14,I-615-7-6-426-4cc996-cd9-5-41c9d905-,I24aa6b5fac23c23-0d8a518a-18c22999cc,I0-2-5002-f304d6de09d02f1e4f0df-1256,I34fc-c93c1749c-1c161d3ddcff72561136
10,15,7,I8c35a8dd368-cf885798-7d258c457d-d41,Iffc-13877f-baab72-e19f2bc3c9e--7-7b,I54--5427618942a00a-47100-451d1-514f,I00ccea129e7cac62276608c-dca99-9ec9-
11,10,3,Iadc539-54-cc8--916a1c275-d-955cd-c9,I44-7-b6657-0c74-d-2-67ac6cd4-232368,Ib-43a66a0aa6-4e8e6e30beb3ee302ca513,Ic6230-07d4340016d25-fd020412-412-5a
12,14,3,I4-c54cc921424-0819f-4c958d5-5fd8f8c,Icb19f901945bbf38ff433f078cf41b8404a,Id-ac49f-4-59-3caacaeeec-5a-af273580,Iaa822a2-c1266c1c31b3ca3e320c36566ac
13,14,6,Ic81-67655595c018c-c2658c693-c5d304-,I-7cf93-b-a5f6b-c35-746899ab78c4c846,I-cafe2249ce82f-6-1ca--37099a4-a3-a0,I4d98666d534b-cdbe5cb568465b951ee156
14,14,3,I6d19-82718951-7-16975cc-5a617152218,Iab0b08e6d1b46-be744a-dc4d47--4bb784,Iaf99a9c47f2c-c737-2-29a7af422-97a5d,I0ecf3-5a-a10ea1b-6f0cb8bb-ec3415-b-
15,14,2,I11d6485587582714dd463-8916dc7969781,I74464a92477348324a81-2697--99-ab313,I6caf47319c711a5734-2871e2--d926e92f,If89f904e9d11de7--efcb--d7100e7b7788
16,14,3,Ic788918d451115c6d1d5979c9966919c09f,I4b-bb9-c2b-04ab8-8c0886a--0-a02baeb,Ia6e0724-4cc7afe9aea-e-3f-6f4f4-a-02,I01ec997cbb66e-591-4eb49529073266-3-
17,14,2,I57-451576c84-918884c595-1-6-795d789,I5287dd-452e-f2611d3e340573-847c3772,If0c39e6982c9e9267e4ac9dcca476--8ac6,I1b4-d2381e442-96-f499808407748452ea
18,14,6,I843a-8dd1445c57cc-98927d-5188-d8151,I4d4a61adecfae96e7-ee2daa6faa-aea-4c,Ifeae63aaa4d7fc031aa266ac9a3c23ae0a9,I449e2441-c7463-15dc6c39e61fefc4e1fc
19,14,1,I9188d55-6c4--d6718-cd8c8f45dc0192cd,I07299f677-f-7c27a3a-a4--4f2fb7-6e-7,Icace2aae-a768-98393aaaa1--f-ac-47fe,Ib198934d98a-d-a8959f43f453d-4f58d00
20,14,12,Icd8529d90c-192c-176-c4c5c-8-d421222,I8--628d8698d386484d3bb4e--dde-759fc,Iaafac39acae805ae82a97a93-e524-e69ea,Ib2f9b--fbf8997bb7e202e9f778966ff7b-
21,14,8,Idd79981799dd7955--59999585528d59cd0,If0-e4ac97cc9-e199c0-20f59b-d8-0bc7e,Ia2c01fc762ac0aa95-6a2c0f0-a-8a-0351,Ie07-4b1aa-e72f2d-b--0dbf51efe4b50-d
22,10,3,I73cd1c698175ff5-92ccc-9-ddd5--0f15f,I3e-0-4b0fd3e209-3e20a92fb305d005eab,I-38a83a-a-603ce2ac35-e-e-6-380c6a3a,I4c98cb6cd4-5ee649ae5--cc935edb--c--
23,10,6,Ic58c216c958-1d-ca-949-c6c554-45487-,I4f4f0ae-46ccfeb-f448-c4b48c4f4c8cac,I646a122a0-e36330-0-331ecc61e66-ea5-,Ibbddbeb6df8ae7b01cb101-17b8f1e8a3bd
24,10,12,I883296c63951---c504994965f88c-66556,I70dd017-d1047-52edeeb5--ed0ee-91b45,I3ae3-8ea-ac38833218e-3bb2a-be8-c632,I09101-892757ce2cfdc9c090e99957928-b
25,10,6,Ic3cd2-8-1-9d-6cc1-784f9-2f5ffc-9d88,I14-0-67f13b-1176b7b52cc834-01fc--4c,Ieeb8335-6116a3038c620a2cea28-3-31a-,I4b4053e17cc735e69793b6e5-3-95bb07-4
26,10,2,I11779c1a454995828ad--8dc-96c11d-d2-,Ibb7fa4a6f-d-800f84a0a04d-4-5828a-a6,Ic282b-8c-460e6ec6a62e-81b5bb--e365a,I0e27-58d24acf900415f9498420b92b4af0
27,10,5,I15285d-6d-a88c5c39947f7c82cd5cc52d3,I42b-23---a332e28f238fe503448538-f35,I-8-e0-ebba56-bee11eea61c6bee62c4154,Ib5-489380b4f1945d8-d0d4--b5-50348a6
28,10,2,Icc-f4c6-a25a3-69ca-d7c-56551c-9-a9-,I97-6ad---48fc4e7ed4f-deb4c1a--0de5d,I2ae36-51e364e68a6ee36-b260c2e58a032,Ibebb92fbfebb9-df6fb2b24f2f99e7b-25-
29,10,4,I1258cd4-acf-1-ddc-a4411d-d90-604021,I4641aafc4ac-c445ba095ac64-40658-f66,I2a28--0c1e31166336-bbc0b823b366c1ac,Ied16dc-4544111e199cfc1e12d-f54c-4c6
30,10,1,I5472c-0c96c-6d60-fdc7267f8ffd6d93c5,Iff-88e3f78046668--6648-406ea-c7631-,I3-aaaee-41a38b1ae031ab8be-aa-4aabc6,Ifc85a525ff587-01005aef05eb1-040d5-8
31,9,1,I976-9-55c768d0257-88d52c82dcd5-c-c-,Ia0b0b3--040b40-322f3593c4-43c50b209,Ied39c-1de9b6596cb-95c6e-9-dbd839cee,Ie-1e0ef-b7bcf1ad1e-18730-d8-8f0eaf4
32,9,4,Ic9f4c-668298716c8cdf-98f85578df8c96,I13d3a9423-135933e3e2ba-4193e3-3aa54,I--d-3c-8cddc-6c563-848e-c49399e95d1,I6d096779c5f9716956-c880557beed0794-
33,9,4,I8946856-097c8c122551ca615a1dc4-78c1,Iff338-c-667f-df56908c88dd2aa2-f0b66,Ibe-e5ab393c96cde9-c-c--44cdc-b-be91,I3032ac94b3e7c5570-40c043020b14795-1
34,9,1,I72c7d-d1a4996d8-912155130c815-9-131,I4dec52eeedd7b0dfa4-5ec4a14e045-2200,I9-b568e99c383ee8-465-9caabac1b6c6d-,I934ff94-2-f-095b4bd46-d4f713874a4-7
35,9,3,I-59c1848-dd94729512d6f69-5-f7-718-d,I8e8-493643e4554e6ebde93-35e994b33eb,Iecde3---89-948453c61d14de3b-b3d9-44,I--e7-5ce-f-e3-94-114c471f4-d14424-1
36,9,7,I96798d54fcc8c-94a0923-98-55d6ddc5a2,Iec29a--a9c2faa9992c428a-9a319fce-fa,I69-3dd4cb6569eceece-c4863e-ee655699,Ib9-849046db030389bd6bd35b3915d31d38
37,9,11,I-416d4851075-17cd682d18c17d--c14f85,I48571-730ea-9259--13b610d9185a0438-,Ie939-c88dc53c6c-ea-4c6534cc3c64c599,Ib0bfbc822b7f9f8676-7527f-bb-e67769d
38,9,3,I1a856a9703--57149922c67-c-2331a60cd,I74de4a7404-3-878371a---d734a73a21-4,I9d53889653dc4c9d355b6bd4b-5d68c99ce,Ibc-e6e-51354531cbaaf7bf-40f1bd924e7
39,8,2,Ifd91cccdc-d-0ffc86-46ca695789-758--,I80-b9bd5544991-49--27897b9551a0---0,I-ceca78eb-1bfa7acdd--0bd16c-6fcb-fe,Id9f7bc89d-00-969129b-9e6-b0-60-968-
40,8,2,I259-c9c81d9cc16a5c0c16-86491ac59-54,Ia6f4-9423-43f34965-62-2404ef9a626f-,Ied82118d0ae62-d81c0ad1e4eab-bd0e-1a,I-b2c3b015-4476bc500134939-3c099-04-
41,8,3,I81cc-4-16c9519a08667-7d-c-cc-55198d,I57e5ae-21c88de488397182-a5e-b559345,I46b--c3d7bc0c0--f7e0bfba-cfcf3da1-a,I4e4484743267242a710fc497a-d-4---449
42,8,5,Id-55f7dd5c5d05d542652c4dc28175c5dc4,I46323faf5bc1bcaaa--fbf0-4f-c3602030,Ie7cd6bdcd4abefa0ed7ca8eadecbcbc7c0a,Id34f731-c9-7-511-1c2c2495df4717fff6
43,8,9,Id81-d9822c88-883-12d5771a8d425872d0,Iad9cd-3aa-3525f84f4841254fc424aad19,I--a-4d5d2-b4fe0e08f516fefd18e6e-e27,Ib0a68346d390dda1e940ab48684bdfb0193
44,8,9,I-8d68d19-f80a5-1482a855-85c32ca7c20,I7f170a8045840bb8028cd1a77d120e71cbf,Ieb7f-fd-dcccec3d861da8acbdebc8c-f--,I8fd622b7-0b29-f-e-9f1790-2feb6e7efb
45,8,1,I-c2fd5-55f793665-97115--65ff112a1d0,I54f11a35f435650a48477cc9-b560c49944,I2aee0--f8ec1edb4bb-d-002-b2-e6470cb,Ic7aa98-40654ae946eca7995aa0a60-ee00
46,7,5,I8c81132-adcc4-d6756-1571d7c2-92995c,I8d2bd12887-1a88fd3bdaaf312d8ac527-2,I59-e-f7f9d00d8e6e9555e4172779b095e9,I-9244a650c--c5-949cb914c4700e0c4-e9
47,7,2,I5-c58642928c58665-72dc-fa2d90d55f1d,Ica8e066d2c82528e8eb8606a5689f6fcd02,I4e690b050885890d7c3e49e15795099d9eb,I0d4-4953ffb-524a8fd2-a44a6-5da0d074
48,7,6,I43-06683c7369814395283c-2d943-7ccd6,Ic2539a5356-541--0fc-f-28-5aa9b4-8c0,I-e99893db5d6-3987b5b6190ef10-c5c590,I9-c5491d4-f44cf3-e1ce94e3c9c411dff4
49,7,3,Ic58dd2-93587c3cfd-9a60c94678cc9778-,Ia55201f54-f8ca7--02e--48b951-926af1,I7d-9-efcb1b7b-0ddcbc-ee85e00999-b83,I835-b6febbd4-9-54b1f9141ab1ab--e-48
50,7,5,I7107925cd557-6c1c8-19c4909cd-8955d6,Ibaa4b1ff411-51-ff31e6d102d601862a18,I7650d-b1ed-7e27d87e2999cd5b6950ddec,Ifbfc-6b4715bb46b028d-b-c7f7672b1fbb
51,7,8,I781c092c5879--57dc-90d939ad55c53475,I1cb-577994f1cca-cf13131c9ca11-c-f4-,I0-58-49-797-2-5c977800ee40799193d76,Ied5f6dfe2c1a10a-053ede17f7f8a-c7a0e
52,4,8,I890-d311-dcc5845d-9077f-579dc-a9cc0,I20d5c505d42a8d5f23250c5505-4b-d5525,Ib-0747107-a60-9b0bb49b5b-5b10ebe-06,I0-20044afa9-9-a564047819-9094-81d40
53,4,5,Ia5c250cc5225c--c59d6c9c-59c-6-92651,I70652-bc59c-2f49-65-67-55-666d4-cb-,I47c-4e94200-6a059b3b06799-995e02bb-,I3cc1ed7ee3177f-1129c66c145191411c1-
54,4,8,I51-cf751-2d5763858c56185dd-92333cc5,I269-1--4d09d6614118-04-12116-2bbb1-,I369454-7c09c-3-63665c617e-e6-b9-b19,I3-18480-d1-994e88bd9b0-508308-d8899
55,4,15,I-585740d77859652c5635-f8d2565305875,I-04-8-b45dfb538c0abaf-b415-4c010b98,I-b324a3b960a71414-41e40c3b4-34c7bc6,Ic9f-0b-e9206-0b9e6e9-2207b260-bebb-
56,4,1,I5861941c1cc19d683dd1c288c4dc4d44-8c,Idbafde0-9717-62805111efed448f455e3-,I907742eb7730950-b-279b7c9e9ce39b393,Ifacac-59f477da5ef8f216cc5e7df2-9e9d
57,2,1,I5-dd1-8dd-599cd8a9dcd8c6d1c65627107,I4f03bffcb-4ac075a--4-f5ac6f6a-3c44f,If78e420-2d4e8bad-8c99d89839cc828844,Ie4e95e196dd44cd41ff1fc97f--7994-c64
58,2,3,I8cf195c68d2d92-a017c9d9c9dc50699489,I253945faa-0a6aa0-5-a448622442-68388,I44184-f4-09bd4d164-db30f477dd--dea-,I881df96d58bd615e381f48-0845684545aa
59,2,12,I4cc99c619d10-819d455f9259811d-311dc,I681-9aec7-49adcc8770-7bd8119c84dc98,I9922e-a99d--1aae-d0a744-904-93454-8,I2987-b07bb9262--7f2b79b958-1967cb-9
60,2,5,I1a875dd9-653c--c7a6c0-8099d6354d-51,Ibd2602abd6f64c996c44ddd9--e6dda994-,I38ba4fd-dda0f8945494d6d002440f88fe8,Ie6e1-ed78e567-5-4dc7dce5a-cbc4a17-b
61,1,1,Ia14-12a85-05197a4588-5d59cc75-9-d49,Ia85c8c-8c2d2dac8b-35f84ccc4c5b853d3,I936-c-f447ec411-9d1414f131c1-1543e1,Ief98151f58-0848005ad98-f4031468f0-0
62,5,10,If1cc-dd86-7-7c6d1-1c689d17-d52c1d07,I3de8--0-4-6e8b75e358162e46eb-133604,I977b2f216-fc-7bd229e269be2f8-b6f02d,I49147231143292ff2cf9341dee1f7df1-ef
63,6,13,I1738c818c-248502a9--8820dd9756427d4,I0551205044--5c6221142249-1-5c9-95b5,I2ccecaa4-1e85fa3-48b04050a00cbe7-14,Id8f3319-b5a4d400--00b81b8b1-8b9818d
64,6,3,If18-4f25257-558c702558585807789c461,I-33f7-a395f71-5be86b666c441386544-f,I0f8b77700-5ad-fc704ffc-01a171e011-a,Ie80d-9d290794-802f77b122eb65-e2070f
65,5,6,Ic685-d61924782d65489c62d82-8d261a46,I459febe--c77be7---24e09b-2e4f0ab02f,I6b1f9-f90c5e717e4b22b172259eb9-97d2,I14d1-e431--81a4999-108de9a9-43fa0-5
66,6,5,I8-7d5da25d0cc0d9012c2c9c386c1578447,I9c89385b6a6-4-6--fa66f2a89-cc2d55c5,I-7f632c034e-8601eb5070b79e7334-71-6,I7-c449d6494197-419d9-99c2-21624fe16
67,1,9,I2d5-2c2c616d5dc1958-175d-5d35559059,I0-09d98-9d8dffce8c29888bfe8af-89288,I1d6f12941f1421441de9949412c11-74-6c,I38a830-38-d8-338b3eb9beb80dad343a33
68,1,5,I2237863d16c77a29454-1dfacc4a2788846,I5--bab1--93b--a5e2ae51e99-bd408555-,I1391--917fe3c4f1-69114f19731c1d4ccc,I7ac7158-5ea345-8-4d7a44aaaff7-387-9
69,1,6,I8cc-1167a952d9-90-88fc575-c71-f76c6,I3da42e3-bb383-75cbab4adb5-52a0a--a0,I92dd46f4f-d711161fdc9e-99fc1-2-c313,I4f4ac048-d74604-4a-ddfdcfb544--fb70
70,13,7,I789f588-5c891602252795216-158-65f52,I-acdc93e3b0-cc27323fbcb3f9664--bb4c,Ibba3435-a8b-abd373-5-3-baebeb93ba-e,Ia-14-fe478fa95aa68ffa68a8b8-4a87aeb
71,13,4,I659571-f21a5-d5f675-c60-9c5a1f5-22d,I34303-ee6eeee9b95-a9b494e-c49ea9-b0,Ibbde-b--b8-42b4a39a8b8beb7-76-bd-7d,Id4---ce608b86b6f-000-860-c67-859844
72,11,7,I0d8376186101c8c-8c-698f4-5a5d-d50d2,Ib91c41c7cd1-f7be94e-9447ec-188991f-,I-4f48-64-3-641-4b7bcad4ef-b1cc4c13-,I-6798df7-7cef4-0677f49444602-4a6f8f
