edgeID,from,to,networkCanvasEgoUUID,networkCanvasUUID,networkCanvasSourceUUID,networkCanvasTargetUUID
1,1,4,I2b--f--dcb76-def296cd09c0f-9-9226c9,I-b0a34-5a-9b68-b4-a23bb97a88-4b08b-,I4494-d1b944514a4395df-9175c-33ecbb5,I5975-01998d3-9df0d-32612--6399ab67-
2,1,8,I9d6c9b62bcb6-e-6cd94-9f3e39636-9fb2,I40e-a44995cbb604f1-f080cdb2821-cb54,Ia-5f9d1-16d7dc1f4442bfb95-fd5-dd522,Iaecc4a11d-71acead0e5f-e2--d-540cad0
3,1,2,I9e2b9269c37b3ceaf77fc3c732c99b62--6,I02-c-7-05eb-cf-5e9c-c7bf5f-fc070f5e,I-495bf9df5-a476d-6e-5d251d-9d5d7947,Ibcb68-eeb85db94bb860d36c81-203057--
4,1,10,If932cc93d-77d-973c7-c263-646976f76-,I--86654c5c9-add0876fe1ad2d-d-6041dc,I16dbddd7a-9bc44a17ad4-45de57f5f-545,I489-ceb9406e-58ccab40c5-be9dd2e0960
5,1,2,Iff-0c93c99c69b66d69-2cb-6c36766fdfd,I50cdff3d85bb50f005b-38dd55-8dcb06-2,I99de9d95fd7445d59975f61ca7d14529d16,I1a-bcd25bb1ab-1a12d15b928a15ea8d1ca
6,1,12,I97c--9-d6----9b7a9c6923f-c396d9676c,I9fa0737f-7-4-a7d9ffa--f7-e907f40d95,I9dd5-b--b975255516-7125d347d594d-45,I53a752b6aac6bbb-da6bd0c5df50--b-546
7,1,3,I26b47dc247-69663636ce93d-6396c7-96d,I-8bc0bbd9eae3bfedffeeebe30-0e4330ed,I--bdfe4271dd5---b7--314-d59-1d-57-f,I782c7-607-6688d2280242b0-3-0800b4c7
8,1,5,Id0fcb7239e-c9737-cd9f2fd00dd2-926bc,Ia3e1343-ea-7357711-ee536e5aca--33ee,I2956757b1d3d-b6f977395a15e49d4ced11,I0b10bbb966aaac46a4b65517a41--ca4ffe
9,1,6,I97f9ebd7c7--7efb--ed9b99d962-4dd0cb,I99-4f7f-e9a59f3ff7a33e373808e0e--81,I5-9-e5d14bdaa-f2d5-bd-f-14-4531edd6,I-0ebbe6c1cab11dcd5bc538be-7ba444ca-
10,1,5,I7699edeb309f239adc93669f967c6-6732c,I-478523-5049d0deb053398760374b464--,I5--772d515112bc-44-169475ddf4-eb955,I33-723a0--ea-494b071b0edaa7ecc7a73c
11,1,10,I-64-bc3d796de6e--9d99927c7c9c37d9c7,I76-978-97bd-ac-aa-c444bab-c777742aa,I2-4-f494a95f5a7dc45475df-97-f5dd-dd,I42241f1f1111afa6e6-1f-5-10247b6-6--
12,1,13,Idc7--0-ad6d3-e79c993cd704cc-963d96-,I9ef1591-99-1c4-934c088779ff-c423707,Ieb-----9-6d9d5ff7-4759d3f47d9fd495d,Ib6f-57-11c1895ee-2ee146b62e8fdd1f-7
13,1,15,Ic6ace66eecec9b9f9-e3297607d73d9f997,Ib3ee6-ed936ce16b3f6a661f6b--e-b1---,I723dc4d12d-abf5fb23-7797b44d95a9751,I28242323068-e86768562-855e8666--0-9
14,4,9,I6c93b6c4ed-d03f30962c--f-f9--9cab06,I1ee-3867b4908e-f13-11d-3800f0-00800,I7c-84d0104-8bbe160e1-01570a4a-fbbe4,I91aba596-9e18d34119-0ae997431f936d9
15,4,8,Ice9d-ec9c99c99c2d96-a9ce9aa-a7d37cf,I-60-7-770ae7330c9-6d0c04a-7727760-e,I330bf-84bf5-76bdd10-7-b-c86---3dbd-,Ice0a2267c5-94ef0ce1d-b0ae0c4e7a40ef
16,4,14,I-7c96c96c6697f7a6cb660927-3c7-bc2f6,I2015373bba134df7-33bf8b331b1da7ae47,I44e43b4b7cc6-a45be0486af8daa6ea07a0,I8db-59c6-cd912a6e-e380ed88d30ee50f5
17,4,9,I69f3-94d69d7e-996c4cd62a773d39-349c,Idd407-581180088fc44dc2e485bb0dae9e8,I40b4e4---e-c-dcbc3edac705bbce0766a6,I-bbe11dd415b-4b1-7b29c2b47497109ee1
18,4,8,I4777bf7dccbbdbdc9dd-372c7fc499cfe9-,I34a039602a4a2e9919bd94205d-1a49-b--,I5-a5bc70-0483e5fa---fbe4bdb8b6e0acd,I46-c6cd726-78-3070700002ef870c20-26
19,4,10,I-96669-336a09e7dd2d340c-99994cf9966,I0a--395a0189a95-5c9641b0a-c1c-8-ac6,I55bdb4b-77fbe7bb--44-66-6e0d844-84d,I1a-df-6090-4-af-8cfab4a046-5f0a45-b
20,4,10,Ib-6734297762cd-36f6626d-46-6-d4cf-6,Ib1f277-8aa87edbb2757-b57a7fab-14bff,I15eeb35b5be-e75-de0bdeafb6768c-a8b6,I43a21c0aaa25d-e24ea1-5add2d0-a-d2b0
21,4,13,Ifdfbd9c996c-9a6a-7096b706329a40cc6e,I3243c4ad239809966979ce0741-9e429a7d,I358b60c6e454457-dcc77b7e00cba7b85b8,I52a6-a68f-e1686e-e-f1-66024a2d8644f
22,4,6,Iadb7-2d47b6ea3ecb-efc-70b9a9a72d9-e,Icb41b--1b-4916c--0--bf0-a0494d588e8,I467-60-be-d50-b63c4310f-b84406c60-6,Icb11e6dbcd-7561154156226ff782-bfd56
23,3,11,I66ef9-6a3ee7c-99-79becb9c92--6cfa9e,I2-9-c5-92-21c8f929038120f8940ebaa8b,I--219943311a--9d952193faaf90a18-33f,Ic5f1-8bd49886c4a11183cd6d848bd-63cd
24,3,6,I79cd9f6e900cbdc-666ce-b79d263-9cee-,I69d0ddde0d679dd7bdad-466d6-bd-768a6,I1119199-91-0f64-016160-e9-91d7db881,I71d855bd11-2d7-0bb2ab-1a04c3-ab14eb
25,3,13,I69f3c-ccf20--dd-422626-7--707cd799e,I9ae--940e5--0d63-92ae9-0f20-f94-ec2,I9d9d0fdd3d3965-aba-39399db0e5d458d1,I774-eb7b--04-7e86b780644c774-70b-0d
26,3,11,I69d9962c93c06--9-d96c-7e0c3b3c67dd4,Ibdcaf45c92bc8854a-8d8e-8d4e-b2adb28,I9-ad9a5-75e2-2e8dd9b9f-99ad9fd39ffa,Ic-97bbb66ba76a59-67f9ac9c0d0936-bbf
27,3,13,Ifd9fcf3-7939-cbd33dc76-69c7cb2d26c9,I2-44b074-1-787270471144-f-2-02e473b,I98a171da-d19e931ee89e-999fd-b935e-9,I2d5b-db-4041b74de2aebcca13d2ba91b-2
28,3,3,Ib94e7092b2dbd4ddb9463f-f-97ffcf337f,I227b-bb--87105f2825-2557f91b2d1b8bd,I1-ba32f6-3417-e99b699d0f918ffddfd39,I87a-65bdfe660416-216d0f5ea46561a500
29,3,13,Ifcd73fc-96fe6e72--3de2abd3c-f-d6797,I2f0f208a51628987-f08-68f8072de7f95b,Id-f0-7deade9b-939fffd19b139-0309-dd,I-75-707fe806d4282-ea87448d--a-52a0d
30,2,14,Ib6d-f99f-2d-9a-6cfa0-7bb299-b42c-27,Ia76974774594404f1178489c0744ae67a6a,I496cac424ec444--a10ee7a44ed0121fded,Ia80014dbe5c8bfd6e8c710-3001-584848-
31,2,7,Ia9-c9f609676b97973d9694-d-c669f-269,Ia23808f8388803ac98-0-07f86264815-c9,I24099e9a9cd4--aa4d7977e-d4-94ccbd9a,I0bb59f82def8d-e92fb0-f1be5e-d89b89c
32,2,5,I3966---d9d7-e-6ab6dc2266463997d6ceb,I-0f-1ee99ccc68c414f8145-31cc919d-c9,I6d2db790-5c4f4a-cefe4ce-2b604d75cee,I9d1d4--72db77810e74d211e145a1109890
33,3,10,Ib9f776b237679-ed9dc97--b6--e7f-b779,I647-058b-e481775750560-60e06-f58970,I92d89a72d335f19d91bd-647-dd79daea8a,Ie56444ee-5f51-e9e5a4eeaf7fe47--d-ee
34,5,5,I6249e7e6f2ae-d60f3-27a9730099c6b6c4,Id04e83-c512d2c22-e1642f245bd9-61-de,I89-bdca0d5cb3eab09b7-a-9c0d85545e1f,If-8484f88d8-8-e6e5688-e-100848f9c45
35,5,8,I-6726d-26706f9d4--3-fcdbc97f43ee-c6,Ice-6-666077291-c6a6--018e91e2f7e162,I51c1b65008-4cc045-18c4b8d-f0fd37-a4,Ib407219--5ea--dc-273ab-b1-2--1b7041
36,5,7,I993-db-dd3da39-29b7c3-cea73acb--769,I4cb50b9aac4-35-b6aca622-b8-b8c1-a7-,I9c3d40f-b13d4ab0-0dd1026b78-d31d72c,I-eb6-1ce91db13411b0---010f8ba-f1b47
37,14,2,Id72e709-e03ef399e72a290b-c6dd9df346,I-cfc446-728bb84445784780a4aaf497084,I0e1d8-4fb0f402bf-fee88-ee04-09a--e6,I03-dddb1-719-92d7e4271271b14bed9d38
38,16,8,I6f93-92bd3-cecc-3a-9d99de6-6b67ebec,Ieb-f--ebcc73bb3fc8fc3f8cd-82bf7447b,Ia191e2-7292f14b4-9992-1-491151f710f,I8a-b8-1b8321b84ab5b96d41a3bd645962a
39,9,13,Ifc2-cc23b7ad-e92ab9dcc6c262-b9dc2ff,I44-a488a72747117d508e744b45897-0e0e,I4704e46fc04042222c3d4c02-c0c-782460,I-414ca5c1b9f6f1a-069-ed-1a-719e64bf
40,9,14,I9a--3d-6c9db-627cd0cd079f6d6479fc-d,I2545cbd5510b-81b603808c4-88b6a8ba8c,I642242686d060-f64cdd-0e46c2--0d-827,Ia-12bda7a71a-071-ad1ced0--d-b0bed-a
41,8,6,Ic9f-72dcd279-929e693e6a7c-96d67c39c,Ic0-94447-1f4a404cc-baad-0dca--48d4a,I-6a-c07b7b-f8acb4-cb694-6---e19-d37,I2794d9ead-c7-09da-9d3e7a57a45-adeed
42,8,9,Ibe-ab46ca9-669bd262ce9-6e9979b694b2,I12ea-61e86e41-0a17733-1ee78-ee-9a87,Iddfe4ccaf644086-b4fc9b448d1b06a98b6,I62-0e6d626ff4e68eb6-6-aba6616-f21-6
