edgeID,from,to,networkCanvasEgoUUID,networkCanvasUUID,networkCanvasSourceUUID,networkCanvasTargetUUID
1,1,5,I839f-8fa8f8aeb8-eaf---ba8-cf3908f3a,I720400eb19bccce-77cee773289b02-fe7e,I4d5--16a08f8ba463c6458f8979e-65fa9d,Id1c8befd46bdd195c-ce91a8-bc0---4f0e
2,1,10,If81a9c0f-9f4f28ccf-c4c923a-8-0f5fce,I-b469c0-60f8bbb543-32-628-216f9-038,I-6cf8-f3da-4-96-87efaf5daaa48ba5e5c,I757b4a-3ea4d95--b9ebb9db3d55dcbaf-c
3,1,9,I899ffe-27-3-a3-ca2fb7f7-ca8e7715ce9,Ifa4933-9baaf5fc-f-e4f5c5e5-ff34-f-f,I5-f69a6eaa-5956e8897ca999-ffb6ed-e1,I92a62925ff9-e2f27-6ef97d-29fb729624
4,1,10,I814efaba88cbb02caa8c89790-83beeaf9-,I4cb-904496b1-6194bcb51b58444b40-ef8,I3e5-6c8d5e0f086--e-5ab45-4-5aaa5-0e,I7f--da48-46a64-b972c-ef6bbec--64cb4
5,7,6,Ifd-0eec2e08974eaf2b79f-9efb7e3-8998,I0ab7--b7a0ee71e54c1e93cdb-4ca5ab1-b,I5-b-9-7eca5ab5-91915ba9b6565a6e42cc,I-eaa7e95659-9cf01a4f5fd69af54e6-d60
6,2,6,I-28fe89cc-fc5db3825b92-ae87c-c18e3d,Ic80142fc4c431009e84b3-ab3f-9b0eab03,Ie0a24eea4e01a4340343a0-66723-a-9970,I69060e8a-454609-faa04cd3eeb-5-9550-
7,2,10,Ifa-3ee0c--fc8802b8e8999cbe2db-88554,If844c8640f94-cc444154ca-2f4a104cda8,I-134-ee81224ee26462004946443ae1246e,Id4fae0d85eec55c-5eefff44fbedfcf5081
8,2,3,Ief2cf-01e2723b-8ef8a3ca-acff4e8eb3c,Iaaac7e2e48d798a01d441d2b3-28786a9a1,I1a4e49-186d41--649a04074424b4e4dd4e,I9524-af24aa9b59a-55556595-eefbea942
9,2,5,Iff1-2e75-88ee39e1a82e88d-9fffd5edf3,I5e97f-917f-71597992799aa5df45be45d1,Ia3eb9e-3107--40-81ae4069-1ea-46e-36,I4fd6f798e-53688386e3f66e21f--58ed3f
10,2,7,I24df1efd3-ee38d-2ca7f2acfe7e-3dc9ec,I72426-84fd4e6d703884d43f4-a821d2173,I97-28db291--4-e39e1ae0939401-4d1a-e,Icb6a34a49-cedb6d98-de64c662-9cf4b-d
11,2,4,I588-f8f9a38fe9338e2b-c22923bccecc2-,I-93-42c8c15-415-c11814129c442-34f46,I8ee12ae43672-0418a771-4a49827e64659,I7b--6d29ad9ba878960d-90a3247a88a-e-
12,2,5,Ia259-e8a4f9f5e-93c17f9292393eacfef-,I5667617e65b-8e5-8fdc6-87af19-d691e-,Ie04-960a5ee675-94e-41e0099a420e-3-b,I1a3d08---b33e8d305d-edde-8d0b543100
13,2,1,Icee3-f973d387cc3cd82ce939-ede2-ecca,I02ff8-4f6-9c89328-bb28627b3f356868b,I9e76e-e4--4e941b-28-ee0--a4d4de5e2b,I-d6--596993977b29---8e9992-a2b7-499
14,2,9,I8a8-39228-1237a-8f559481cba9551be15,Ia-ec-43a89-1bed-4e4aaa6c-27c4bcaa9e,Iaae44b9ea3--223-e959406e-34e148014-,Ibb9b-3b-7494fded5b5d-de9b9bb-c3b66d
15,4,8,I-a13ef3f3-a83-f-fefcefc2-38ec2-eece,I0-b39-b-c04e3c0c22a3-b---0a25-2902a,Ic46ea-0a7f6d-4d-ade2bca3-7-eb96c037,I49c05599f-229-37b5042629e0e22299689
16,4,5,Idba9ccf0b1e7-fbddd55cf-cbce498e29c8,I-18a99699140b9ba-21b29a209e-ef3b027,I2-037dff76a04be44b6faf76c49f3-d7b24,I332--555b-d5-df0b06d50edd4d-3ee-32f
17,4,9,Icea1fdc-8bee1f1d9cf2a41ff0340ae33ef,Id-c396ca6d66dbc62a464-d26c4fb6c266c,Ie-487b-28e492c4cf92fd63d2f40c-286bc,Id5d5ab2e6e25d26d40b3739b3bbd369dd95
18,8,3,If9d8e05b9b58e34888-b3-a-e70-f87-183,Ibafa02003aeeedebaee9ef63f2e2eaeed9c,I3f224483--8e88f-6b847044-f-2a3626-6,Ib076297a955ca63e589b2de229909e24a6a
19,3,1,I898f837f3f70afcfee09e49a823a3fb7b8f,I-6862e-4278b5b78fb0-74d7-44862d392d,I72b78d6009d4-7a10--a0dd8aa67f8a-e-c,I9d5b4b0bd5-d279b55b499b93dbdbbbe-da
20,9,4,I-89e25878cf83c9f884ffa43c8f5f2f8e9-,I6622371e-679b6-6caa86db8b2b6e6b66b-,If2a653534b-6-7a2a0-299f27-23---999e,Id533360053333df5e05-333502d31463f6d
