edgeID,from,to,networkCanvasEgoUUID,networkCanvasUUID,networkCanvasSourceUUID,networkCanvasTargetUUID
1,1,6,Ice67-d9-c7df78e-c4e-c11d61b06f9cd14,Ib4383a9acb1bd-1184c-3d1334b87-3bb41,Ib-42e84-02d3--d88803574c--2dd57--80,I9d-e3259094d-39ad3a-3753f-ef9d92334
2,1,15,I98ced8f04d7f7-f06c8d-4aa-24cd1-f9d9,I4572427-4555a325-72-b25c24621425722,I301858b58e8412-8acb52-2-3-51434bc-0,I9d0fc8-5dd1c0cdf8-a9d4da9-a1dd8a-8a
3,1,3,I79e1e2be72f040cfd9f-2f1d6898-09c76d,If95f91-00ce99c-d874be435dc559970e8c,Id818-28833a3882-2dcd-d1448c-4d380dd,Ib10-bc8-28c28d19becf83cb-8bcecf8b08
4,1,5,I1dda-ddbc0f0244-1280ddad0a898f-86dc,I80283505ff-46-68d-f3482bfbffdbb8d84,I88c30db48884e815104e-8d8310d482b844,Id41cd4cddc2aaaa-070017a1d4a3b5ac0ce
5,1,10,I6644ce87add92da6a6fad64da2-d2a8d0f-,I1eeeb-a35-ea943eec413acc-3a-bb8-e35,I28-8484d80d608-23133b8408c88328e-bb,I9517b13295-bbb62d-15d452--7b47d3979
6,1,13,I-1b894-2-d2d4f4191f260fcdd0a816cff1,Ia80d3df83c6c2227e43263ff310a0c-66ac,I--6a3--a30782608-0388518e578-c-01-e,I9660-a901c7007108a0e80060-80bc490d-
7,1,13,Id220fed2ac42811d1df449-409d71e1-d9f,Idb936cf6b-ecbdab6dedbcacadf--2e1bab,I65--deb4d1844d8d080c0a88ab3b-7ab6a-,I10d35390220d0--028de85224e05d1e9d52
8,1,12,Ia881-dd78da6-7f6-e0d967049fc8e-7ffd,Ib64a54566f47e1d9dcb9ad-8b62d4490c14,I-d8482-188bc2134db06bb0---8507d15-3,I8346-7da-d-431-a-f709900ed-cad1a1ac
9,1,4,I-4ad81e92e-bcf-290-d-d1f76-89dc9441,I1b231294b61-4414db6032a3d--6e2bcb3c,I4d--6505848-0522--2481338-b18b4ad82,Ib13ec244420b1-fe6ccddc7671459c554c7
10,1,12,I-61d92da8e7-69dc46e1c8-9dd76-72-14d,I4a--b34aa--b7fddd1d637-0-5-78595c46,Ibb62a0843e-8--88-d8e-0ea5344848d882,I-d56b56f5-2--b45d941d-d-b6ee-bb925-
11,1,13,Id8d0-b892adfd0d8-c4ecdd26dd6-b00-91,I-18-d0b5b-5322-988d3b053055bcb99950,I2d8c008dc2884626c58-e8dade68d884eca,Iff-441ac18a9184-a-d8f-18dc2a-9-ca18
12,1,14,Ibd714ca198a882f6ce84cefcbd618f-dd06,I37a4a44-a0-ee4614c0dd7e7d4e04d6b007,I582d-82d8-d2a480d26--6-58408b---4-4,I-1bf-96e91314301399ec94d921--30-0--
13,1,4,Ide0-608f4ddde-6a9e17169128f9-09c0d8,I-1c8ec24a4a5a5c64e7ca413e646c0a5fa6,I5--820845d8875d8d4b85c1048ed36242-1,I4366e9-042f6398f-43-d034af63--e4322
14,1,2,I2f8-aa74786f1--a71f881-7-914-724-8e,Ib-364e991881536f128bd1d-4bd43-43661,I-5d-8547b20a7a3d08a-8c8bb8885-33a62,I0aea01-a-2dda0--7-522eef81e8e85f1d4
15,1,12,I-9b7167180a9d-4-00d9420-ec-2ed-0de8,I1-1f79833878f9282c8-eee8d5-b6eb0e-c,I0-8023a45-c3522c88b8888584b7e162-03,I-daa8fff18e2ea2-36e16ff189a224ff9ae
16,5,10,I-dd-cd288bda778891f900a1a6-cdd64-7-,I6-a0e9e7990-0-8e99110-d84a-0-e2bf-6,If3-227399348df337-8ad95c9d-f799--f2,I60e-2096-0-a710f977ea960980f6a48417
17,5,15,I-1f4d-184d01d2188-860748b2de8aa--48,I-a80c41-1bc01444ff48ce147f54af7221-,I7d4f93f8-9d4636ddf93c7330fc0339475e,Id21cc-a650b552-c9d5b4095085b--20004
18,5,9,Iff94-fddd1cc9814ccf8aff-f68da41--d8,Ib85da1091037b413-11-403c01f11e85cf3,I767de23dc78e3-37-7e8c-388a9a7-54a23,Icfde1a1cde1d9e51d1c41d-9ca5a-aafd0a
19,5,14,Ia61d-8219240-eff2-9-a22-8-cdd6-71a8,If49-a78-b2e-8-780654-0-7-9e6-547744,Ic-875-4d54-fa5372-9352-3469a-f08787,Icdd88947e222-24c2b-21098efbe4cbe302
20,5,9,I9fee0684c804ae1-404ff898d78-c2ac1f-,Ia16aa-ab555bf55-55fe70-47--f5-e1a85,I7429-d-37-f37a59e327fe4d7-59ed-7a33,I--ac083caf0a45aca4c-4a7-38a0c7-e6aa
21,5,4,Ic87829fcd1714aa7888ad18baeb0fbb0-e8,I2423--2111-8b8b2b959c3--67324ce6046,I7da4ea74ee632d-fac3fa-638f-77292f-0,I2d9e52d0972-02d29b7-9a3da22d0-32f-2
22,5,4,Id7-e1fddafdd11ad04-ea70a6e12-87ad8b,I6f-3-36e71d2ad91dcce8734eb27f-7cd-3,I7ce36f7f3242293243a432e33f6ae49a385,I760-091d-5033a-4d001-9cb0a-ec-e6ad-
23,5,4,I6f74202-24-24ceaa4a0fffa9d688f011d4,I6-c493566547946e9e78c3e8-7ad-c93654,Ic--8d68-3-7--5f2ded85d55237437d4-5f,Iab55569-111526d8a1e6449226-4fb-d24-
24,5,10,I1-f9fc0ea9967146add9ddfe4bf19dc4-d1,I-329b11ae9c9f4f3c21a34ff16---e15c22,I2d4ff223df9df2f26e47cca4fef3-7--5ae,Ia41114c8c9-aa2931a171-aa9d9a69c578f
25,5,7,I7-0f1dd-2-9ba-77028e0f-a79d-78ee22a,Ic81--d414767a06141a8417-a02c1e-15f9,I7def63ed9a-293--35-a43347c9c3c7837-,Ic3934918232f161a499244a82918a0bc98a
26,5,3,Iff-ff7fff7a8e4-4ee0-068d2fd84db-782,I-9300-23-d9c96-2920aad3459-43d06038,I9-7432f2cfa9546d99c5e7e768fd22-23a4,Ibbe---83144f8f3-8f2f4e98189a289f23e
27,5,9,I1a01fadfd--4ce1a1a76f-1-0a0d8de1-9d,I-ecf-b2-8f22cccb7585a6cc85e49d7c7c7,I87f9a-f79-99332e272-7f883305dadf330,Iad-6dfd9d4e992-82f0-624-00a6d36-4-6
28,5,12,I4--ca-c9-dc0fd8081-fef-7-fd--0818-f,I029129fd0f-12e37eb-43e60e0d4-6b-366,I7a3-dd33f50826-7-94a03a233-02d02f38,I-d288e1d2-af-05ad122a176d85a2d54d18
29,8,9,Ia-2-f189-90-9dc1e-7cfecb12f10d7d--d,I771f1680c451645aac4b3ff60046f-1468f,I00-a-720069-019dc9961-040d09-117fa1,I2c9910d7-8-28b39-d9062-3d9-25a79734
30,8,12,I8d84b90-1-d17af2e--9-7fd8-691dfae46,Ic22b-ccab22b6-d824a8-f29f6af4568-88,Iff1-74069-49-0096-0f89477d070-6ad21,I8dda3cef532de0194c2e-511c81d5aca3-d
31,8,16,I1dea1aaa06a4fea16bd7d4098200-0-1e-7,I28257e-9-a43d7dbdfb8bd736-cb07bb7-e,If0a1d01d-8a90aa7f99678202-7861b0749,I0a-0d89a21259ea2b-525d270d-5d0-4-d0
32,8,14,I2fa-c6ad886bd961d766a00f867edda19ea,I-ff7f11-9f90941d99876-69af6fdd7f1d8,I04f-e178f4760aa-40-90a99881600079-9,I0ba633a-d1dda-100ed25c75cbdeaa8d6c8
33,8,16,I2-dd9bf0e9-8c1182e1101f81dcde2eab9d,I-051df2dfff53-4-700a-20-029304a32fa,I771e8e000ff-0126f-746-91609-e7800a0,Iececb2f--8cebfd-7-edc3c9bcc29bbecbf
34,8,13,If1ede9f781e6-ae808a72-0dd981c928714,I6c431b36bcb523bbb294-67-3a45-d234-3,If0-7770b7-b6007706d7bf9f60-0-697-ab,I1-f61842--7-5aafacaa1161aa21-ca562a
35,8,15,I-d2e8a688-fe82cd7ba71c2d66b-467eb-c,I17115bce-7bbd7b4877b4eedc-674b8168-,I79ff64b089cd6-9008aa-919e490769400-,I6929-629239424-9--42f-8-929-9394139
36,8,9,I4f1e8c4811-1a21f--166-fda-c8cacc-64,Ie29e4-8-f39e9b4ee5-a235446a846a25a6,I096-c11e074-76f94469c-c99009410096d,I3a3669739760230643e3-76f743-30-fdd3
37,8,4,Id1b401e2dec7a-04e62-d8-d-89fdf-7cdf,I-53ec4179621715e4e-e32c473c570e32f3,I89461209740-460779619469229-2964-4a,Ife84-6baa-2ae44ef4a82fd83ff39abb-f3
38,6,16,I1-0--1e--4dd29-1f82dfba-ccf6-cd-8a7,I564d475da7cdc-d4d42744-c7d7a33377aa,I8d27b54-d9--163c7875400497957012c73,I1ff--cc1edaf1dcdf--5f-9afed05349e39
39,6,8,I8af6f79aef069678f1de89874f6704-c-a8,I9313474374ccd9bb91c2c44c9c0de19b274,I-761-5-39224433-174d712dbb901c92829,Ie-84ec-0bf-0f1edd-0d2220cd0fc1f12d8
40,6,3,I27b401ccfed2d96fb0a0201f2a488fc0df1,Iae60c55c-c020af32e00b262-32bdcf48a0,I59c7d8722d0-5a982775333c104d-543-d2,I34aa0e4f-e85a7251b74a1c-24eaace-c14
41,6,7,I4b19-6a-a11881ede-904e4-e4648a902e7,I514d7d084-6549a7a52c23d716ab581654a,Ia937-10141a-82d418898d47387a9197b7b,I59-555529db382be1d-d9009-08-7209929
42,6,13,I--898d-2ee8-2f2db8070d--88d7a1b4c94,I89-b882452f-581e601681185e54f8-5f50,I4-9595390-4-b9a81550d29-5b30141a27-,Ic0a14cc5ad7ecceec4d504553a4-10d6d0-
43,6,15,I02-4c1778d1e76-4-0fb66944709---4f16,I43e40a347883006-46-36061a88eb4eae4d,I-53-9513-bbd913-a81149a399b5420a363,Ibe5203c51999788-52c834451ebb5d75-33
44,6,2,I92df97-4bbddda-f622f822fd8f8c47a128,I5-54d-2ad-019722204d7275-295051008-,I8077b5577a4-81-57cd552-dd7b77498769,I117d545d4-e6-1d5144d11515f5dd9669b5
45,6,13,I6c08ddfe1f-48-9e--6-d9a-21ce96a6--1,Ia-a3e8-35a7e4--9636b-f37--aa9487884,I1356a-453d0d9523ca-82-9acdd-81b1-2d,Idca1a89cd1a8-da44aa9c14-a6f-1a427f9
46,6,11,I9b40d180f6f-ea-fd686-a7249-1c81e180,Ifc128f--fd85f7181f-52f5572712755ff9,Ib1-7-5-d04b--5--0190499c0d645a7d-c4,I18383ad42f9b19-8f84221113189394-691
47,6,13,I4e884-e7989e7-dd44-d8ea7c78f00f8e81,I-ceedeec47c-404ca3cac60e2ec5dcbcfcc,I5409-1a7911d322ba652415349-91b0-8b7,Ide--e74-63df6336-08a220386924e6e064
48,6,12,I-80e8-cfe1ddfa12fe--6d2cdb1f--1edbd,I18fb54f7--e9b4f0-b0141b5af98405b989,I1284-644-97437d83d069d0b-d7d69ad3-7,I80210-801d010f05-2a-0-1-58d09af-11d
49,6,3,I6ad60c6-d824-2d4dc86e2e2f6-dd4-c992,I0a58a480ca19c9a9-038da2338889-4---9,I35149435374230759-8131719132-97--99,Ia81e348-4fffa29ff43f83a4fef3b633291
50,7,2,Icb0fdcd8cd-09a96-db-dd7f4-9-27f91cd,I4950-7e51eb1225-0-5eb-5259a57dd1187,I1f2-aedd-121fda01aad-fe3a9c28d521ac,I9fc---48cc8dd73-9219ccc2d91bf9db-b9
51,7,3,I1-122-d18120dca-867d8012-1d-0f0e486,I4222ea92ec-4432b3a4e003446fe4c44a42,Iac-1c-afcac2-c01d-c11857d21-dd-d50a,I5aadc7b5-eb4cf5ae-cc6fb-5b8-d1def1c
52,7,12,I6f8e4708bfb92-ec1a2-af6741dfac2bc0-,I209677a33a97707465b306b7495a94aa29a,I-78addaa74907891-18d-af10-edcd4acc8,I794-95a30a-59-e89d89232-e5--d23-099
53,7,9,If-c4818f84efef286077dc11-7cd-d27e4-,I6-4-a4-1074-90-42-9a0741971-2363874,I1fa19f44f1ffd511d1-a-de-014d9fa-cce,I1cff61e6--e37c-c430dd0-3-eed-e-0d4e
54,7,6,I7761-f412d64-dd2dd22a82eed8b4d-890f,I-78407fa6f7d6081b6321-4a0f-2-67f960,Icc-0fdd1--d41d1118d25dc05ec5a8a8c44,I36ddcd567d2dd-79e9657c727bd-4-63bd9
55,7,15,If-b1ed-8e78e816f-bdc0-60b6ad9b7d18-,Iccc53dcb-75555d647dfc5dd5df-bc55337,I987ed1dd-fccc7c11fafa7df87ddf-dc19f,I-4d4-91-5246994-44-ee44--6adf8-24-9
56,7,2,I84-9dc86426f2918ed8e0d289acd8ff6ccf,I4deb8eea8430-7411018-81c4a10a45-8d4,Ifda-dd1-9-a77d12118-da0d859-da5aa18,I9c9c3fa44afaa-2644-aa98-3a9631148a9
57,7,14,If82d86-ed22-18dceedad1dd9d41f807467,I7e84-b7-13-0386921955989d7dd05342b8,I8e8-d9df1ce1784c1dcc-792-8c5fd21cd4,I344f38330426044d4e4-2322-6ed4487046
58,7,14,I1-cdf81--9b27dc1ff-87-8--1dfaf21a4d,I0c9ec9c24d9c-8241bc01c5b1009882909-,Iada1c9fd8fa44-1905-d8958f8d1dafccfe,If3-824-d6-24c9911468a949-9-69de42-6
59,7,13,I8-af7ca2-dfd-2a-0-7dddde7d87-8ce408,I--d8-0a8-3087d2-ab86-da3-36e2a7dad7,I9c5fdcd-5f7f810-dcf1-91ad1a79dd3acd,I2a2fd51d16a7a143-468-2d4-1f89331096
60,7,13,I91d9d1-2c679-c4d8d-d87864bd04c11f-e,I417dfa8b98a6faabf211-ab8dca4-9f1d34,I5d-73871cd8c-d-ad9-3778dfa321caca17,Ifb442982aae84dfeb88-2a-f4f48f12fb2-
61,11,2,Ia72fd9e0dd0d8cdd8f4-a2ecb8bfeb22eb1,I-f4a10faf5aa2a450-5f-b5b9a-5c13af6c,I7dbd-e339e78d1b0832--d8f--d-7b84c8f,I325a7bc5c3a75----d44db74b465--5a-a3
62,11,2,I-887d1da8af22ea1fad-ca-69--7d96a-e1,Ib25b-7b9015d540423d83738ad94-3023a4,I7edc7-1fc-c-fb8ec029-fd-f-c2c2dc3eb,I29e-42259930ad3e09dd2-2dd-5-325-f94
63,11,3,Id-1b264ddafcdca2ea09e0fe0d772--26d1,I29f2f9dd889da9508f6fd3323-755957f31,I2b-b032217cb2ccccdc972cc2f30-10de8b,I7844-e337e9--cacec01-03e1e1587dc101
64,11,4,I820074667-f-9ef-8-fa84d-84bc96-ba61,Iba099bd499919fb7ae-91fabbebd7ee4b41,I232ccc93ceb2d7cccbbd810-93-fc2bc3cc,I341f8f74e042b387262dc7-775f405574ad
65,11,2,Iee72c-def20ba2c7f18828ea704ff-662c6,Id8559b04d-6fe70e29f--0-8ddb3ea3842f,If-d8e73e7c2-d7337-b3-7-ebbe-300bd0b,I-a998aa9-a-1cf78c4df9-1a75-91a1f749
66,11,3,I-2d4dd7dd6-88-b484c19ae9-0d9fbc7174,Ia01cb80-18611aa1b66f-ddf-7bdc7e-97b,I70ce4ec7fbbfdb81-cbcccbc-fe-28c0-e-,I132ff4c9e-4399391-09d-e1949db492e81
67,11,10,Ieef48c-06991870ef-b4d9a-74--7cdc-7-,Ia93-54023c65f5cb-6f662893---d68c46c,Ibe--8f2b4ec0-2b7bfb-b92cdc0-bc728cc,I26e8698-3af3bb-9-213a9292ae-6123342
68,10,15,I4c-ff-f2c-6-88ba9-f-d-9a--a81-f-a-4,Iabbc74c-0b367-2d104034c373--2b-a30c,Icb-a4ca264f-6a5738-f-ceeff0c-d6aaaa,I0929e71a99e5992252a2-9929279099--58
69,10,14,Ie-412d2d61af4e10d129a91ed40-8947--2,Ie669f41-4--4-5-ffe-284-3defe9196e49,I64-5a0c08-af5b4a4b2c1aa-24a3acaaa7a,I330615cc-095175--1c706b4a0-1cf513e0
70,10,4,I6e6c74-9d1-62-79e0a1e8-460871711066,I-bc457751446c447-57651b5456-9a55411,Iea7d-a8-a57a0304c0e-d0cb1a6a55c47-4,Iecc4e4727-5-787633c5dc545db-348c-46
71,10,15,I841b64-6-41788d7d861482ff47b44aec11,Ic2fa7758845474a007-5174450366-85470,Ib5aaa5-afd1a3ccaafdf0f2aafa8fac584d,I91-11d--2dda44-298699da2a86dd-5b585
72,10,3,I07d798-c624e8f1f-2e981e7dddc71fc6df,I-46-ea86f41-92e5a1e9e56e9bee1-4f99e,Icb-4aafc5a-22c8-54eaa7c4b-5-bdbc-45,I33c-a8a564af714cca8-caa31f4796-879-
73,10,13,If49-d--47-df26f26d44802f-27f1df1ff8,I4b19f054ff95-ec98ca8c25888cc-1ab85f,Ia364a5a67-acb5-aa06bcf26-73ea8af-fc,I33466f300646-f8a042ad6ed7044f338966
74,10,10,I0ff1-071-d018848-de-1217298d16c8d6a,I-7a241b-25c55eaa45b-e-748--dddb518-,Ia75ddaa4a0ac445dca58da-3d-a-d27a33b,I419-a0489626c8b1-2392369f96--103394
75,10,8,I8a-4-f71-10f4d6-f1f2e168196dffad98f,I4d2-3a83d-68f0b8b6a8a9-6df063430403,Ia---0---4ad2-cde-a1c4aaccca7ac8ca-f,I27-9d582f3f-2f-01dd00d2-2af2d-2e0dd
76,10,11,I711--1719ed6d164ce1c9d0-4a02ce4ab98,Iaf41ff19f081e551aaa989a6898ef57b81c,I8-0480c-5360-5a053acea5af1-445de7f4,I32a1a2331e1-ae-3-8-3d8a9aa8b2aa2fae
77,9,15,I88c6d1dbd8d2-c8fe9fb-ddf-edd8-8acdd,I219493d157d7d7141-77221cda62195ad4-,Ia2-2d95-34294e9b9ad925a0507-922d78d,I074-370-700be755-09c-0-6d7030b33a77
78,9,13,I9eded-d8-90-61-1edd17ef6-216af4d89c,Idb-3ed8481-8944b9e66-7b3-822b3e-e-1,I2b5e-99d909-9d-89899dd0223e0ef592f0,I-563-17dd65d51444449-d1dd4d1-db94e2
79,9,4,Icd67d-d1d427867de097c47-4ddd-fe9206,Ia5c3-59a-d-4335977d23765-dd959cb9da,I928404-92da95a0099d35--29f34-1-1d5a,I58a88175dc7a9-919af516a93afa4-9-aaa
80,9,13,I8-aee7f476fcd-1c96410a-7c9bf8e9ebf-,I94b696-e06c-96bb6e61e9688ea6-08-b5-,I2a922d2--e99f4--d9-ed49239-057094e2,I87f2346-7-786ad30e308e374a34440d639
81,9,2,I2082e80d9c67-f-c96--2e81f-692c-9d09,I0a0c1d7adc88d4cf0002b0d-ec59cb-4494,I7a22fa92ad-df23e0dd9aaf3b-9932a525d,I9f1f1a3d-eef82a7de-a5ed3a500a40228-
82,9,15,Ib2-8240c0c7-a-0d48-482b-f9e1021281f,I39d75-4da5cfd74ed98--885efb5c34-bd9,I97f99e84-b-989a-9599e2d9542-ad2e902,I649b960-41d6-23d341942e-3999-36e9-6
83,9,16,I-6ddca4d-f8acd69af--c0ddd0ed671d191,I9988e92cc79-c38338c9-48-9dd-a42e112,Iaaaed9bad22fe9524595-1992d8225-78-4,I1fa8a8--38ed8311--a1da9afa9f-ab8116
84,12,11,I-d881ddf1f-4ad967a8da8ad141-d2ebfda,I2f23fc98f-44afafff045208486f3330ff3,I30ed8-51d5-75700--14b05c8daa564f4d0,I5d3c-8237445bdd8084ae9-ed2ebe871d53
85,16,4,I97aba874f721de68f2a-bc4fdc-8ce1696d,I126e22--3258ae4f22-2f3de4efefa2-ee5,I4-9139-68299d15d-62d41-952de5b46416,I8--1-c1c9417--daa8a-f2-7a8-a189869c
86,16,3,I-7e741fe16-d0be06771847ddd2-9adef41,I92094851-493c4e7-1a90-727960f4f2--8,Ibfd-e-4d4-651a-a54d461b7fab47--1-da,I-997976de3-36370d0-dd9ad-00f-964884
87,16,11,Ic08b164de4417d29-ea090064acda6d610f,I29c744a6aa14a6f51b-b--68489e2146-11,Id69-6466b5be94db25ad2f4d65bda16529b,I-e1f0a2ed1f285002-122215ff2aa2093e7
88,16,7,I7-ed8072-b--9-1df-cc6-140-f928d-7a7,Ib1-8c-4124bb251--14a170bb3b006b1049,I492641-3d-8dbab42e9148a557f59b44fda,I860969631662213286a492f2c3fae9-9984
89,16,9,I0049dc0182-eda8-9c8a6e-fe-4861e2dd-,I83300-cc133307-c-0e412305708f0-21a8,I65696156d4f686f674b29196-9492d55ed6,I-8b2-8ee322aebaaa21a-1f1622333841aa
90,2,10,Ic-e7-9c66-1-4ec78f8--dfa71498-97cc9,I4-4469e6cd449488f-5154884ee5-92d-2b,If9afaa6a8a86c92d9963-737382-84a-7f2,I--4407d20420244073d338e63d439-460-6
91,2,4,I014b6d9a9ff-67c14-f2f81d96c064-0f28,I--a-265678213d2a2-c5596aca68667315c,I5c2f597a8d18--5-2dc46a47-a4cc116588,I1-2f0dd2ad0df95535f-06f-f4fffd4544d
92,2,4,I262106-44ddb111e1-7ff1cf4728886c742,I58-352c343231c1345c548b3c43dbc42636,I5f4c898-84-87-c747-7-717-318a-78a1c,I69934669-3-a4-26ac44342-f-f489a319-
93,2,2,I9100fdbe824e0d-1c79d812f28ded4499-0,I40-3f547e0674e1-4-47-6f-e4001-71074,Ic11acc9fa6-481a3-c4aa817a9dc-7cc8ca,I-48e2f989a34a8-3a4a--863ad2-822f98a
94,3,11,Id06d8ca6ac-d-f799a789-6d21fd8d1--f-,I2219220f528a3-01246455c68-ca7894975,I37-84d2643-3d3a634304d7-a-20f6-def9,Iaa2d-2af0f19-0f-5f-3a00715-a8d-80d8
95,3,16,I19dd76-d7-6df2dc8c--18aafd2-1d8-f-d,Id544c94-d4ce577-b85c748bc84f-818c99,I0e9470627703e7--22983ee3334ee-2d38d,Id694e4d3-4-f62399-d9a19-9a1e3-1a494
96,3,16,Iad4-72e18f2c8-8-cd-28a7f4007f84a1e7,I0cc1ec48b1fcf1fc-88b308c814-4-1cf-2,Idd3e3-9d2--644a0f3636f96ea6602-a87e,I21ba88--298323be33afadb-a1f8f8f1-32
97,15,6,I-ed8f90-e4a11f8ee12c2d-ac-c67-d6-0-,Ic5ea89ca46-99-50e3286cce825b98c401e,Iad5f-8fea4f80f1fa5d1dd-dd7d4-014-24,I239b3-bf-1966621f6494422-a-2fd6b6d4
98,15,13,I97187d4bd-d7-7171bd6a9606c9cae0148a,Ib67be-b-b0--554-ba-be-ae8b2e82bb60c,I-6--e--adf4ad1ffdf-df3add8aee9-e8d-,Ia8494f291-f28f6--fff4-2e-af8aeafb-9
99,4,7,Id2fdf--cfc8ac-c979ad94e-8f847ad8fce,I4ac9e3d42af2--9ea8fd021a--dad93b49-,Id99421e4183f46e84-368fe9fd8b8b616f3,Ia8e-a298-e2a-4428-a1e-88211b18-ab22
