edgeID,from,to,networkCanvasEgoUUID,networkCanvasUUID,networkCanvasSourceUUID,networkCanvasTargetUUID
1,1,12,Ib92c49f45-afe1bf46aaa49a54b3-949a-6,I735cfc67-d0b5740-07720-e31ee-bcb6c-,Id5e767580bb1-03-f-8edbb8b8f1377-b75,I81782-77c727735a7-44-c-4acfa46a474f
2,1,8,I19354abc99-a446e-6cd6b-511dd565-9bb,I6-3fdaffbbc0804fcc46-b46-fad40db7f8,I851c73615441507cd575-57-b4c-fe7ef8f,I88513f5b-895aae-75cd98e15f995249f88
3,1,10,Iac9e6bccc4cca5-e34-cbc62cb6a9c9ccb1,I8-89--c3f2-2ed323e-a---b8a39349b3c1,I71f33-b55cb363115f305edeb674d4b31-5,If-e5b4879ff4a74b9594fb8f22565f02124
4,1,13,I-5b339fcfabf6a9-b596e13b6cd-ab463ca,I1a069278a28281990816-7a024910d40b86,Ibf7fbe5d8bd41-b5f-303cdc11df1d7e8-3,Ic18f552b93-91758--ebe-ecbe158159-4-
5,1,7,Ic6d-43b66a991c5cfcfffb-945c-a4-55b-,I3-0-085fcb05a0b34813a948-5645d-493d,I-4d1-8b1debb76d375--14--877ee1b6535,I447fc4b9-eb4a44b7cb-48-8d-b3ede7e-9
6,1,14,I9-66bc64e492a5d2425-69ac6b451-69239,I-544-5394e7a9403207b-e4faa5e0c492ea,I11f1b5-784b18bb-8-3cf8-151bc63577-5,I80--f1921480c4-3702b3d-f48-2f8fcf14
7,1,15,I65b19-add9b6b449566e94-244-c--bc-21,I199661aac969a-eace2aac80aa1-294-33a,Ib4f15fe3b1d41c17877-7-1-4bd1f7e15c1,Ica0defef6-e-760da8-cdc-e4d76e4feac-
8,1,11,Idc9961eaf969--2eafcb6eebc66cfc26566,I94-ce1903b--3-cbe369b4-94989750bb73,I73e41d1fcb-b88-11bf117e8e1e5b553e33,I4812d0bc34ba7397da--83b-0d080309c72
9,1,12,Idb1b35cc6-fe52-fd44fa-2da6a5bf4dceb,I-1608647aa0a0-709037-f3183e-7-6f93d,Ie14b17fd853-751bb53eb3bb-c1bd8f1c4d,I428e--84-a93-2-04eef-a4b-474-49-822
10,1,6,Ic46469e142f4e1fe6192cc9e1aa6cc24ebe,I468b77e-e6cc3e07e7f2-c25588e8b-4ba-,Ibfc3b7d-60-1-35d8e5be554-db-e7f883-,I-a43-f3b67922d9f7-3-e423-689-87b4fb
11,1,13,I66599-b5e9cb--a9bbc-6f3a9bbb54ab-94,I4adb356b4---22a5434c990531-a--3a1-9,Ie-1-5747488eb3e-541bbc05b-5eeb-775-,I-3cd8--2414c84d4582c2d751f567--8d32
12,1,14,I9a61969b3-64b2ea95c5-6655ef9-b4a43a,I40309f908d99e6a89-f94a58-36bda4b4bd,I8b4-4d77571-7ef5-1eeb16-136bf83-016,I8-33847f9-28974f1-a8aa7658e861bd3f2
13,1,14,I94--955fd9f9abe-66--2aa65-69-cb94a4,Ie5a2-a1e7a17139-56df947dde2ee23d62-,I3171e51-bd7de010778f7735be57163--b5,I-4d84d7-aee1-d71d97d1b910ab997-19e3
14,1,6,I66a-9b5c-924d-96bbdeb26-9fb1666c9c-,I--684a774092-79907026668809a0966606,I71be-66ebd473b--87-ee8-b8b3efbd556f,I-de2-d472d5e44ed--61ded6-be215e5d67
15,2,7,Ic6ef9669abb469dbafa9a-cd4b-91f9f-11,Id-7dc18-3c1eb2cdc8b4b49db2d72a4bb29,Ic8c114-7537c17422867727c-a572148717,I0440-4f0444b-b344ef4dd18f020ffb68bf
16,2,14,I66e9b9f1662fb4-43264f9596a9ff1-f616,I30c12605-382-782d4f330dc03dfd-36c-d,I714c1a776-a-6-a8-78cc947befe8776-41,Ifa3da2ed00aeca57d84c-8722-76d824f74
17,2,5,I4aabec44b-bcabf6a14a66efb2e43e1eb99,I43-9-8d73132318814dcc01934--910faf1,I71-41e72968483cf41a-b3c1789c7bc171c,I8d1cc6415d41e71-2-b5-32e5e8c349572e
18,2,8,I99-da5f669a4c16a9c2f3163669-9a64c6b,I2b2b242ab-d-e91-c97bf4dbbaa2a627dd2,I9b888fb75-8f9b8736681aa187f797a3fcc,I375bf234e6bff35-d-5abeafeef4d935f6b
19,2,15,I525-ff4--c--ef6-46fc46a6ef4eeb9a59a,Ib2d727b9c54-3dc7-9cb9eeb92-2d0d5ddd,I4ae8cc6-4-786c174f512977c8188214e5-,I3444-000be80b28af-eec44-e03cc49b27e
20,2,13,I2b5-c-ff66a4-f16-fcc9b-4f-bf49b5296,I53cd5f272eef33-48-fc5-7c5871-5300c2,I8521c1c7777--f6--1781---5ca46f8-11e,Iab0c8cb9b9a-8-20eec99eefd97b9c9ac0-
21,2,8,I1a9--c4-4416b4646cb94bb9-acbd12c4--,I996-73222-8292a9a-3f6677b-449267089,I778fc63f499c1-7a-171c7988c11--a7-6c,I1c4422c28c743a3-d232223342d-3a2f226
22,2,9,I449-b6fd6dc65eebafdebf69-9a4e64bef1,I3bcee3ee48515-c3a-e338a4-cb46-b8038,I1f7e84764c761486-c96c1ec884197e647c,I86-f71aa4a69e69af-f-9eff6f-e7-4-616
23,2,11,I5efa64a-f91b5-69-9dac3c4-a66abab6cb,I6cb335777266e-bb7b6bdb4667a53-6711a,I78631c971a91c45fcc-46bb-677-7c7b7-7,I29a11c81--87df87-cfc4d11c778c8a34eb
24,2,6,I95bf4c-baf936e6446f-d-4ba692--4a9f4,I-74a82ad9-9f-593e01ccb9e3-ae4c2eb05,I9-7574b74fecb7737-16-81244c6b471ec1,I-e5a2e4-b89-2ff1b246eff98fef598ef16
25,2,4,Id9b94a96d53-cc9b9b395a6ccab56c-c-e9,I2-1accb441baa-4a8b246-b8eb6-214bb96,Ic4177f-c-cc9774f29f5c3b-2f4c-77776b,I-f6914-11-3d78dd6d1-b91-f-d-7d-71d6
26,2,14,I9ebbbbdba-c9b2-9b59-95dee9f64bff9fc,I22d69de-24e-1f5-3d143-396-55163bb-3,Ic8e78b--37b2a4-1844b718c-ce27-97cea,Ibb44-a--55351bb2b33f8493-a-8b54995-
27,3,14,Ie9fe92cde6-93afe5aeccac-fefefbdf1bc,I-644869907d46-24-04942ac3f3cf5fcc27,I89dbbfaa5ea1-33547-188d-8be35125458,I-bc00c0e-b9d06c108ef1088dc13be-ee82
28,2,7,Ibf-449ca66-f69af6ffbb6c42ed91bb4b-9,Ie879b69-40458549-792-8c49-d8704787-,Ib-73a3a521fc74fb---8c69-11763cfc7cc,I4e97f6dd8d0b24-95-2255-6d9d4496d5dd
29,3,2,Ibc6cc6e6d69bb9b-b449d-ae9f4a-4e5bbe,I8dbf4-6ecd3489566-4e8978049-79e5-74,Iaaa45ba1a2f5ad3-c-935d-483-f5cfd491,I3ac2e2c--c7a8e82f0ad2d2425e66a4cee8
30,3,6,I96cbbd6159-fe2b9942cb-669966eff96-c,I6c1256076-a05007c97b55b--c8277904--,Ia392a-e5b91-882349cba3a1-a-458-9c8b,I3210c97db0d993377d8-1-66935b2-c4ca0
31,3,3,Icfcccca-baece-f945bd6-69694ba9651cf,I6d-4-0e3a585-4ce5-94-7e4-6a0b845-c5,I1f-55--e4c-1599442-b98fc8f2-bd115ec,Ib2b757f3685fd-7979a13e-a73f92-879be
32,3,8,I6c4a-9eb4ba65-a96dc-554-5aa9d436ca9,Ifdb7-4dc9-6b67cfc644c95c5f6d9c5-54b,I9a194ae5-1c897ca3f--55ac3-b8a9aaac9,I847a7-caaf00c90b8c8482afc447a7ebb7-
33,3,10,I15-3-dfff62ac6bda-1bcd9-e9-56e-b945,I043578c668c34f45b34-62-33a4eab7664f,Ib5bb13c53be--41a51c81e-9995931a-5b1,Iaaec-ebdbe4b9cc4--70c-e7ad2-ab9ae44
34,3,12,I4-4c4391e2b9-4596df-454-9bf994e362a,I15-4-0ee8785068c8e5fce0498365cc9ca0,Ie459-5bca5f45-14-f-cd-15c85b8558785,Ia65cd1b4a55214562c355-ac248d2b2-4-5
35,3,10,I6-b953f42559-a3c-cfa-4b2994bfee6c64,I680cf74fa-be7f-aab07907afb043d078cf,I-a2-7959e-8bd59bc5c3bad-8bf8359995b,I1e58df-fd-e599b599395247c8ff91deb3e
36,3,5,Ibcac6a-ce-9ef9-6b-465fcb-3b1b-999b5,Ibc27d521bf-22-cb-e78aa5ba431821-b8b,I32a1-1af8a48-c5--34a5-b-e15fd2b5ae1,I-988ef972-69aeae16-e1f54-e8-8fba615
37,3,10,I6a5b5b6-3faa3effcd16664f59cb5f65146,I--fc6-73376714b55b28af504707627cff4,Ib45cfacfa3a8eb5cc7-b59be4d--bf98-8b,I-fb9a14f-937e4dfd10d39-ed691ddfdd7d
38,3,9,I6c-69c366fa6b64c6a6-396563ac9f95fef,Ie4-b3a335e73f5cf6-8f2-0f0--4a32888-,I55--398c35-c545f1cae-c33-f5899-3a55,Ied094d40de-d44d26d76057dd6dd7-6e49d
39,15,11,I96b3e9b66ae62c-ca6-69136bad6c4c642e,Id98d-9aac75115ca7287-a421a457aa1-81,Ibbf08-d1030cfc-281d68-fc1833c418b8c,I0f7f44a22f45-e58878f-bb592-5ee4f4bf
40,15,5,I15b6d-9e1126c6ce-c--6a55f-cb4a--46b,Ie-ff8a83cfffd74d9-b4be-8c9a1d01c-9-,I101-61468d8b1344d08d2b38b20c8-048-0,Ie-e82067b6ad46-ea627-a4-b77f80e3e-a
41,15,4,I4b-2-acaab-aca66cb2c929eec4f4f9b49b,I13076-7-85b3c1265-22c43-637643f67--,I2fefc4--009-011b7b6dd-4f11f20e29b-1,I393279243179-37d29221757884c94-4072
42,15,13,I99acb5c6b-a-92cafcb6ee2c66acae3febe,Ib7852eda7a8c855858--4-ab4b---9--a18,If0f883d0-87d-1-d4042b18dd82be32d18d,I4-d3da4ae3adb69039e1f41d9ed-3efdddd
43,8,13,Ia99c6fe59f9e9fb-a6959eab14bc999-6be,Ia3ee482babf-be-f2ff7441884cbc87f3b8,Ie4fe2da2a0c4c-bc2d4e--f8-eaaf8-afd0,Iad8dd1aa--df-67fdd14-919134d1e93-ae
44,8,9,I-9-e2-663-33566bc5a914ab96-6e63bba4,I8796-88fa56831a1a94-8947-19557bbe5-,Iec57abc68762cca67a-0eb34ac34e44c62c,I8c749-1c2857893c4e0--2389440-a78-5e
45,8,3,Ifdca2cf44ab46fb65-c9cc6fc49b9be592e,I3a-1c881bc4bedd42-28813a824e7dade--,I6faf8aca--ca8ad7-02347cce6--8a2c8ab,If458-847f-bf589a-608aff5-708250b8e9
46,9,9,Ib9c466b264695946f6ba95cc5deeeac15ac,I65566d0bf0-bf0061-ed4d2e-0f68e-86e0,I5f11bd5cb-fef238-8e723d-921b---b885,I785b22d2a2--351722-42cf82abcac26f54
47,14,10,I9---f5dea24b5cd2bb3c6bc6efb414b9a64,I5208e-0e1551adacee0ea50cd06d6402ac5,Ic9e1c-524c--8-1a-764188c3027-70--0-,I-238acc0-b6-0087-486b0-342e20a04e02
48,7,5,I--f49-1c-caf49994bb14-a-6945abee993,Ib964b6e1-9-9e3949929613ba6fb-d877bb,Ib876f3e7628-8-4146--7883821f3244ff1,I73d-c-1267d03d9913-db3bee149485-ce-
49,7,4,Ic6464abc4bfecb9695a-f13f6ce56696f5b,Icee-32b9--db4b44c9-ee1dd3e7cc2232-9,Ifaef28-af4-882837-688bf668372-68fe6,Ic088040802-6b8-346-e-be44caf4c046c8
50,7,14,Ib-ab-3b-1-6f-a9e9bff-6e-54fb265ebc-,I24400fd170343d--44f474ec4-627074-42,I6ad-898-64d-160a7032f-820-1ad1-284f,I703--eaf3-1da1d9304-3637b-e7da16de7
51,10,15,I--c94eab4-c4e6--24f949-9fb6e6af4d9-,Ia282ef4042a12f97401-8fb4-8c0b072420,I-140-9d4-7bfdd73-1d1313edb9--d48d-e,Id007-a-2c7c7432b-27761227d-47298700
52,12,10,Ia6fcf6bfb4655-ec-bbd-4efcfd6f9aff69,I947dd2119f8d8--2109978-79--f-912-ff,I266be3a394da579ea038d-023f955707f4-,Iff8e-cf57-74dc37e852479c95e-591-75a
